Meeting Title,URL,Congress,Chamber,Meeting Date,Committee
"Consumers First: Semi-Annual Report of the Consumer Financial Protection Bureau",https://www.congress.gov/event/117th-congress/house-event/115250,117th,"House of Representatives",2022-12-14T15:00:00Z,"House Financial Services"
"Investigating the Collapse of FTX, Part I",https://www.congress.gov/event/117th-congress/house-event/115246,117th,"House of Representatives",2022-12-13T15:00:00Z,"House Financial Services"
"E, S, G and W: Examining Private Sector Disclosure of Workforce Management, Investment, and Diversity Data",https://www.congress.gov/event/117th-congress/house-event/115227,117th,"House of Representatives",2022-12-08T14:00:00Z,"House Financial Services"
"An Enduring Legacy: The Role of Financial Institutions in the Horrors of Slavery and the Need for Atonement, Part Two",https://www.congress.gov/event/117th-congress/house-event/115229,117th,"House of Representatives",2022-12-07T15:00:00Z,"House Financial Services"
"Unfinished Business: A Review of Progress Made and a Plan to Achieve Full Economic Inclusion for Every American",https://www.congress.gov/event/117th-congress/house-event/115225,117th,"House of Representatives",2022-12-06T16:00:00Z,"House Financial Services"
"Boom and Bust: The Need for Bold Investments in Fair and Affordable Housing to Combat Inflation",https://www.congress.gov/event/117th-congress/house-event/115206,117th,"House of Representatives",2022-12-01T15:00:00Z,"House Financial Services"
"Oversight of Prudential Regulators: Ensuring the Safety, Soundness, Diversity, and Accountability of Depository Institutions",https://www.congress.gov/event/117th-congress/house-event/115200,117th,"House of Representatives",2022-11-16T15:00:00Z,"House Financial Services"
"Investing in our Rivals: Examining U.S. Capital Flows to Foreign Rivals and Adversaries Around the World",https://www.congress.gov/event/117th-congress/house-event/115192,117th,"House of Representatives",2022-11-15T19:00:00Z,"House Financial Services"
"Persistent Poverty in America: Addressing Chronic Disinvestment in Colonias, the U.S. Territories, and the Sothern Blackbelt",https://www.congress.gov/event/117th-congress/house-event/115191,117th,"House of Representatives",2022-11-15T15:00:00Z,"House Financial Services"
"State of Emergency: Examining the Impact of Growing Wildfire Risk on the Insurance Market",https://www.congress.gov/event/117th-congress/house-event/115152,117th,"House of Representatives",2022-09-22T13:00:00Z,"House Financial Services"
"Holding Megabanks Accountable: Oversight of America’s Largest Consumer Facing Banks",https://www.congress.gov/event/117th-congress/house-event/115151,117th,"House of Representatives",2022-09-21T14:00:00Z,"House Financial Services"
"Review of Diversity and Inclusion at America’s Largest Insurance Companies",https://www.congress.gov/event/117th-congress/house-event/115142,117th,"House of Representatives",2022-09-20T18:00:00Z,"House Financial Services"
"Under the Radar: Alternative Payment Systems and the National Security Impacts of Their Growth",https://www.congress.gov/event/117th-congress/house-event/115144,117th,"House of Representatives",2022-09-20T14:00:00Z,"House Financial Services"
"When Banks Leave: The Impacts of De-Risking on the Caribbean and Strategies for Ensuring Financial Access",https://www.congress.gov/event/117th-congress/house-event/115101,117th,"House of Representatives",2022-09-14T14:00:00Z,"House Financial Services"
"Accounting Standards in the 21st Century",https://www.congress.gov/event/117th-congress/house-event/115089,117th,"House of Representatives",2022-09-08T16:00:00Z,"House Financial Services"
"Markup on Various Measures",https://www.congress.gov/event/117th-congress/house-event/115070,117th,"House of Representatives",2022-07-27T14:00:00Z,"House Financial Services"
"Housing in America: Oversight of the Federal Housing Finance Agency",https://www.congress.gov/event/117th-congress/house-event/115033,117th,"House of Representatives",2022-07-20T14:00:00Z,"House Financial Services"
"Thoughts and Prayers Are Not Enough: How Mass Shootings Harm Communities, Local Economies, and Economic Growth",https://www.congress.gov/event/117th-congress/house-event/115032,117th,"House of Representatives",2022-07-19T18:00:00Z,"House Financial Services"
"Oversight of the SEC's Division of Enforcement",https://www.congress.gov/event/117th-congress/house-event/115031,117th,"House of Representatives",2022-07-19T14:00:00Z,"House Financial Services"
"Better Together: Examining the Unified Proposed Rule to Modernize the Community Reinvestment Act",https://www.congress.gov/event/117th-congress/house-event/114998,117th,"House of Representatives",2022-07-13T14:00:00Z,"House Financial Services"
"Task Force on Financial Technology: Combatting Tech Bro Culture: Understanding Obstacles to Investments in Diverse-Owned Fintechs",https://www.congress.gov/event/117th-congress/house-event/114974,117th,"House of Representatives",2022-06-30T16:00:00Z,"House Financial Services"
"Boom and Bust: Inequality, Homeownership, and the Long-Term Impacts of the Hot Housing Market",https://www.congress.gov/event/117th-congress/house-event/114971,117th,"House of Representatives",2022-06-29T16:00:00Z,"House Financial Services"
"Where Have All the Houses Gone? Private Equity, Single Family Rentals, and America’s Neighborhoods",https://www.congress.gov/event/117th-congress/house-event/114969,117th,"House of Representatives",2022-06-28T16:00:00Z,"House Financial Services"
"Full Committee Hearing entitled, “Monetary Policy and the State of the Economy”",https://www.congress.gov/event/117th-congress/house-event/114952,117th,"House of Representatives",2022-06-23T14:00:00Z,"House Financial Services"
"Markup on Various Measures",https://www.congress.gov/event/117th-congress/house-event/114948,117th,"House of Representatives",2022-06-22T14:00:00Z,"House Financial Services"
"Markup on Various Measures",https://www.congress.gov/event/117th-congress/house-event/114902,117th,"House of Representatives",2022-06-14T14:00:00Z,"House Financial Services"
"Digital Assets and the Future of Finance: Examining the Benefits and Risks of a U.S. Central Bank Digital Currency",https://www.congress.gov/event/117th-congress/house-event/114848,117th,"House of Representatives",2022-05-26T16:00:00Z,"House Financial Services"
"Hearing: Reauthorization and Reform of the National Flood Insurance Program",https://www.congress.gov/event/117th-congress/house-event/114847,117th,"House of Representatives",2022-05-25T16:00:00Z,"House Financial Services"
"Diversity Includes Disability: Exploring Inequities in Financial Services for Persons with Disabilities, Including Those Newly Disabled Due to Long-Term COVID",https://www.congress.gov/event/117th-congress/house-event/114826,117th,"House of Representatives",2022-05-24T16:00:00Z,"House Financial Services"
"Markup on Various Measures",https://www.congress.gov/event/117th-congress/house-event/114795,117th,"House of Representatives",2022-05-17T16:00:00Z,"House Financial Services"
"Task Force on Artificial Intelligence: Keeping Up with the Codes – Using AI for Effective RegTech",https://www.congress.gov/event/117th-congress/house-event/114764,117th,"House of Representatives",2022-05-13T13:00:00Z,"House Financial Services"
"The Annual Report of the Financial Stability Oversight Council",https://www.congress.gov/event/117th-congress/house-event/114746,117th,"House of Representatives",2022-05-12T14:00:00Z,"House Financial Services"
"A Notch Above? Examining the Bond Rating Industry",https://www.congress.gov/event/117th-congress/house-event/114740,117th,"House of Representatives",2022-05-11T14:00:00Z,"House Financial Services"
"Task Force on Financial Technology: What’s in Your Digital Wallet? A Review of Recent Trends in Mobile Banking and Payments",https://www.congress.gov/event/117th-congress/house-event/114690,117th,"House of Representatives",2022-04-28T18:00:00Z,"House Financial Services"
"Oversight of the Financial Crimes Enforcement Network",https://www.congress.gov/event/117th-congress/house-event/114689,117th,"House of Representatives",2022-04-28T14:00:00Z,"House Financial Services"
"Consumers First: Semi-Annual Report of the Consumer Financial Protection Bureau",https://www.congress.gov/event/117th-congress/house-event/114683,117th,"House of Representatives",2022-04-27T14:00:00Z,"House Financial Services"
"A Matter of Life and Death: Improving Fire Safety in Federally Assisted Housing",https://www.congress.gov/event/117th-congress/house-event/114634,117th,"House of Representatives",2022-04-20T16:00:00Z,"House Financial Services"
"The Annual Testimony of the Secretary of the Treasury on the State of the International Financial System",https://www.congress.gov/event/117th-congress/house-event/114626,117th,"House of Representatives",2022-04-06T14:00:00Z,"House Financial Services"
"An Enduring Legacy: The Role of Financial Institutions in the Horrors of Slavery and the Need for Atonement",https://www.congress.gov/event/117th-congress/house-event/114620,117th,"House of Representatives",2022-04-05T18:00:00Z,"House Financial Services"
"The End of Overdraft Fees? Examining the Movement to Eliminate the Fees Costing Consumers Billions",https://www.congress.gov/event/117th-congress/house-event/114574,117th,"House of Representatives",2022-03-31T14:00:00Z,"House Financial Services"
"Oversight of America's Stock Exchanges: Examining Their Role in Our Economy",https://www.congress.gov/event/117th-congress/house-event/114563,117th,"House of Representatives",2022-03-30T18:00:00Z,"House Financial Services"
"Artificial Intelligence Task Force: Keeping Up with the Codes – Using AI for Effective RegTech",https://www.congress.gov/event/117th-congress/house-event/114562,117th,"House of Representatives",2022-03-30T14:00:00Z,"House Financial Services"
"Devalued, Denied, and Disrespected: How Home Appraisal Bias and Discrimination Are Hurting Homeowners and Communities of Color",https://www.congress.gov/event/117th-congress/house-event/114561,117th,"House of Representatives",2022-03-29T14:00:00Z,"House Financial Services"
"Markup of Various Measures",https://www.congress.gov/event/117th-congress/house-event/114522,117th,"House of Representatives",2022-03-17T14:00:00Z,"House Financial Services"
"The Inflation Equation: Corporate Profiteering, Supply Chain Bottlenecks, and COVID-19",https://www.congress.gov/event/117th-congress/house-event/114484,117th,"House of Representatives",2022-03-08T15:00:00Z,"House Financial Services"
"Monetary Policy and the State of the Economy",https://www.congress.gov/event/117th-congress/house-event/114458,117th,"House of Representatives",2022-03-02T15:00:00Z,"House Financial Services"
"Small Business, Big Impact: Ensuring Small and Minority-owned Businesses Share in the Economic Recovery",https://www.congress.gov/event/117th-congress/house-event/114430,117th,"House of Representatives",2022-02-17T20:00:00Z,"House Financial Services"
"The Role of the International Monetary Fund in a Changing Global Landscape",https://www.congress.gov/event/117th-congress/house-event/114431,117th,"House of Representatives",2022-02-17T17:00:00Z,"House Financial Services"
"An Unprecedented Investment for Historic Results: How Federal Support for MDIs and CDFIs Have Launched a New Era for Disadvantaged Communities",https://www.congress.gov/event/117th-congress/house-event/114428,117th,"House of Representatives",2022-02-16T17:00:00Z,"House Financial Services"
"Digital Assets and the Future of Finance: The President’s Working Group on Financial Markets’ Report on Stablecoins",https://www.congress.gov/event/117th-congress/house-event/114398,117th,"House of Representatives",2022-02-08T15:00:00Z,"House Financial Services"
"Building Opportunity: Addressing the Financial Barriers to Minority and Women-Owned Businesses’ Involvement in Infrastructure Projects",https://www.congress.gov/event/117th-congress/house-event/114374,117th,"House of Representatives",2022-02-03T15:00:00Z,"House Financial Services"
"Housing America: Addressing Challenges in Serving People Experiencing Homelessness",https://www.congress.gov/event/117th-congress/house-event/114376,117th,"House of Representatives",2022-02-02T15:00:00Z,"House Financial Services"
"Housing America: Addressing Challenges in Serving People Experiencing Homelessness",https://www.congress.gov/event/117th-congress/house-event/114353,117th,"House of Representatives",2022-01-20T15:00:00Z,"House Financial Services"
"Ensuring Equitable Delivery of Disaster Benefits to Vulnerable Communities and Peoples: An Examination of GAO's Findings of the CDBG-DR Program",https://www.congress.gov/event/117th-congress/house-event/114350,117th,"House of Representatives",2022-01-19T15:00:00Z,"House Financial Services"
"Ensuring Equitable Delivery of Disaster Benefits to Vulnerable Communities and Peoples: An Examination of GAO's Findings of the CDBG Program",https://www.congress.gov/event/117th-congress/house-event/114319,117th,"House of Representatives",2022-01-11T15:00:00Z,"House Financial Services"
"A Review of Diversity and Inclusion at America’s Large Investment Firms",https://www.congress.gov/event/117th-congress/house-event/114307,117th,"House of Representatives",2021-12-09T16:00:00Z,"House Financial Services"
"Digital Assets and the Future of Finance: Understanding the Challenges and Benefits of Financial Innovation in the United States",https://www.congress.gov/event/117th-congress/house-event/114305,117th,"House of Representatives",2021-12-08T15:00:00Z,"House Financial Services"
"Ensuring Equitable Delivery of Disaster Benefits to Vulnerable Communities and Peoples: An Examination of GAO's Findings of the CDBG-DR Program",https://www.congress.gov/event/117th-congress/house-event/114300,117th,"House of Representatives",2021-12-07T15:00:00Z,"House Financial Services"
"Oversight of the Treasury Department's and Federal Reserve's Pandemic Response",https://www.congress.gov/event/117th-congress/house-event/114275,117th,"House of Representatives",2021-12-01T15:00:00Z,"House Financial Services"
"Markup of Various Measures",https://www.congress.gov/event/117th-congress/house-event/114255,117th,"House of Representatives",2021-11-16T15:00:00Z,"House Financial Services"
"There's No Pride in Prejudice: 			Eliminating Barriers to Full Economic Inclusion for the LGBTQ+ Community",https://www.congress.gov/event/117th-congress/house-event/114224,117th,"House of Representatives",2021-11-09T17:00:00Z,"House Financial Services"
"From Timber to Tungsten: How the Exploitation of Natural Resources Funds Rogue Organizations and Regimes",https://www.congress.gov/event/117th-congress/house-event/114220,117th,"House of Representatives",2021-11-04T14:00:00Z,"House Financial Services"
"Cyber Threats, Consumer Data, and the Financial System”",https://www.congress.gov/event/117th-congress/house-event/114214,117th,"House of Representatives",2021-11-03T14:00:00Z,"House Financial Services"
N/A,https://www.congress.gov/event/117th-congress/house-event/114213,117th,"House of Representatives",2021-11-03T14:00:00Z,"House Financial Services"
"The Task Force on Financial Technology: Buy Now, Pay More Later? Investigating Risks and Benefits of BNPL and Other Emerging Fintech Cash Flow Products",https://www.congress.gov/event/117th-congress/house-event/114211,117th,"House of Representatives",2021-11-02T14:00:00Z,"House Financial Services"
"Bringing Consumer Protection Back: A Semi-Annual Review of the Consumer Financial Protection Bureau",https://www.congress.gov/event/117th-congress/house-event/114189,117th,"House of Representatives",2021-10-27T14:00:00Z,"House Financial Services"
"Taking Stock of ‘China, Inc.’: Examining Risks to Investors and the U.S. Posed by Foreign Issuers in U.S. Markets",https://www.congress.gov/event/117th-congress/house-event/114186,117th,"House of Representatives",2021-10-26T14:00:00Z,"House Financial Services"
"A Strong Foundation: How Housing is the Key to Building Back a Better America",https://www.congress.gov/event/117th-congress/house-event/114160,117th,"House of Representatives",2021-10-21T14:00:00Z,"House Financial Services"
"Zoned Out: Examining the Impact of Exclusionary Zoning on People, Resources, and Opportunity",https://www.congress.gov/event/117th-congress/house-event/114126,117th,"House of Representatives",2021-10-15T16:00:00Z,"House Financial Services"
"Cashed Out: How a Cashless Economy Impacts Disadvantaged Communities and Peoples",https://www.congress.gov/event/117th-congress/house-event/114127,117th,"House of Representatives",2021-10-14T16:00:00Z,"House Financial Services"
"Task Force on Artificial Intelligence: Beyond I, Robot: Ethics, Artificial Intelligence, and the Digital Age",https://www.congress.gov/event/117th-congress/house-event/114125,117th,"House of Representatives",2021-10-13T16:00:00Z,"House Financial Services"
"Oversight of the Securities and Exchange Commission: Putting Investors and Market Integrity First",https://www.congress.gov/event/117th-congress/house-event/114113,117th,"House of Representatives",2021-10-05T16:00:00Z,"House Financial Services"
"Oversight of the Treasury Department's and Federal Reserve's Pandemic Response",https://www.congress.gov/event/117th-congress/house-event/114097,117th,"House of Representatives",2021-09-30T14:00:00Z,"House Financial Services"
"The Future of Banking: How Consolidation, Nonbank Competition, and Technology are Reshaping the Banking System",https://www.congress.gov/event/117th-congress/house-event/114093,117th,"House of Representatives",2021-09-29T14:00:00Z,"House Financial Services"
"Access Denied: Eliminating Barriers and Increasing Economic Opportunity for Justice-Involved Individuals",https://www.congress.gov/event/117th-congress/house-event/114089,117th,"House of Representatives",2021-09-28T14:00:00Z,"House Financial Services"
"Lending in a Crisis: Reviewing the Federal Reserve’s Emergency Lending Powers During the Pandemic and Examining Proposals to Address Future Economic Crises",https://www.congress.gov/event/117th-congress/house-event/114066,117th,"House of Representatives",2021-09-23T14:00:00Z,"House Financial Services"
"Task Force on Financial Technology : “Preserving the Right of Consumers to Access Personal Financial Data”",https://www.congress.gov/event/117th-congress/house-event/114061,117th,"House of Representatives",2021-09-21T14:00:00Z,"House Financial Services"
"Markup of Various Measures",https://www.congress.gov/event/117th-congress/house-event/114034,117th,"House of Representatives",2021-09-13T16:00:00Z,"House Financial Services"
"Protecting Renters During the Pandemic: Reviewing Reforms to Expedite Emergency Rental Assistance",https://www.congress.gov/event/117th-congress/house-event/114024,117th,"House of Representatives",2021-09-10T16:00:00Z,"House Financial Services"
"Markup of Various Measures",https://www.congress.gov/event/117th-congress/house-event/113999,117th,"House of Representatives",2021-07-28T14:00:00Z,"House Financial Services"
"NAHASDA Reauthorization: Addressing Historic Disinvestment and the Ongoing Plight of the Freedmen in Native American Communities",https://www.congress.gov/event/117th-congress/house-event/113988,117th,"House of Representatives",2021-07-27T18:00:00Z,"House Financial Services"
"The Promises and Perils of Central Bank Digital Currencies",https://www.congress.gov/event/117th-congress/house-event/113989,117th,"House of Representatives",2021-07-27T14:00:00Z,"House Financial Services"
"NAHASDA REAUTHORIZATION: ADDRESSING HISTORIC DISINVESTMENT AND THE ONGOING PLIGHT OF THE FREEDMEN IN NATIVE AMERICAN COMMUNITIES",https://www.congress.gov/event/117th-congress/house-event/LC67448/text,117th,"House of Representatives",2021-07-27T04:00:00Z,"House Financial Services"
"THE PROMISES AND PERILS OF CENTRAL BANK DIGITAL CURRENCIES",https://www.congress.gov/event/117th-congress/house-event/LC67455/text,117th,"House of Representatives",2021-07-27T04:00:00Z,"House Financial Services"
"Bond Rating Agencies: Examining the “Nationally Recognized” Statistical Rating Organizations",https://www.congress.gov/event/117th-congress/house-event/113951,117th,"House of Representatives",2021-07-21T18:00:00Z,"House Financial Services"
"Banking the Unbanked: Exploring Private and Public Efforts to Expand Access to the Financial System",https://www.congress.gov/event/117th-congress/house-event/113948,117th,"House of Representatives",2021-07-21T14:00:00Z,"House Financial Services"
"Building Back A Better, More Equitable Housing Infrastructure for America: Oversight of the Department of Housing and Urban Development",https://www.congress.gov/event/117th-congress/house-event/113944,117th,"House of Representatives",2021-07-20T14:00:00Z,"House Financial Services"
"BUILDING BACK A BETTER, MORE EQUITABLE HOUSING INFRASTRUCTURE FOR AMERICA: OVERSIGHT OF THE DEPARTMENT OF HOUSING AND URBAN DEVELOPMENT",https://www.congress.gov/event/117th-congress/house-event/LC67133/text,117th,"House of Representatives",2021-07-20T04:00:00Z,"House Financial Services"
"Task Force on Artificial Intelligence: I Am Who I Say I Am: Verifying Identity while Preserving Privacy in the Digital Age",https://www.congress.gov/event/117th-congress/house-event/113929,117th,"House of Representatives",2021-07-16T16:00:00Z,"House Financial Services"
"I AM WHO I SAY I AM: VERIFYING IDENTITY WHILE PRESERVING PRIVACY IN THE DIGITAL AGE",https://www.congress.gov/event/117th-congress/house-event/LC67045/text,117th,"House of Representatives",2021-07-16T04:00:00Z,"House Financial Services"
"CDBG Disaster Recovery: States, Cities, and Denials of Funding",https://www.congress.gov/event/117th-congress/house-event/113915,117th,"House of Representatives",2021-07-15T16:00:00Z,"House Financial Services"
"CDBG DISASTER RECOVERY: STATES, CITIES, AND DENIALS OF FUNDING",https://www.congress.gov/event/117th-congress/house-event/LC67100/text,117th,"House of Representatives",2021-07-15T04:00:00Z,"House Financial Services"
"Monetary Policy and the State of the Economy",https://www.congress.gov/event/117th-congress/house-event/113907,117th,"House of Representatives",2021-07-14T16:00:00Z,"House Financial Services"
"MONETARY POLICY AND THE STATE OF THE ECONOMY",https://www.congress.gov/event/117th-congress/house-event/LC67945/text,117th,"House of Representatives",2021-07-14T04:00:00Z,"House Financial Services"
"Addressing Climate as a Systemic Risk: The Need to Build Resilience within Our Banking and Financial System",https://www.congress.gov/event/117th-congress/house-event/112873,117th,"House of Representatives",2021-06-30T18:00:00Z,"House Financial Services"
"America on “FIRE”: Will the Crypto Frenzy Lead to Financial Independence and Early Retirement or Financial Ruin?",https://www.congress.gov/event/117th-congress/house-event/112875,117th,"House of Representatives",2021-06-30T14:00:00Z,"House Financial Services"
"ADDRESSING CLIMATE AS A SYSTEMIC RISK: THE NEED TO BUILD RESILIENCE WITHIN OUR BANKING AND FINANCIAL SYSTEM",https://www.congress.gov/event/117th-congress/house-event/LC67060/text,117th,"House of Representatives",2021-06-30T04:00:00Z,"House Financial Services"
"AMERICA ON ``FIRE'': WILL THE CRYPTO FRENZY LEAD TO FINANCIAL INDEPENDENCE. AND EARLY RETIREMENT OR FINANCIAL RUIN?",https://www.congress.gov/event/117th-congress/house-event/LC67429/text,117th,"House of Representatives",2021-06-30T04:00:00Z,"House Financial Services"
"The Legacy of George Floyd: An Examination of Financial Services Industry Commitments to Economic and Racial Justice",https://www.congress.gov/event/117th-congress/house-event/112867,117th,"House of Representatives",2021-06-29T19:00:00Z,"House Financial Services"
"A Biased, Broken System: Examining Proposals to Overhaul Credit Reporting to Achieve Equity",https://www.congress.gov/event/117th-congress/house-event/112868,117th,"House of Representatives",2021-06-29T14:00:00Z,"House Financial Services"
"Various Measures",https://www.congress.gov/event/117th-congress/house-event/112816,117th,"House of Representatives",2021-06-23T14:00:00Z,"House Financial Services"
"Schemes and Subversion: How Bad Actors and Foreign Governments Undermine and Evade Sanctions Regimes",https://www.congress.gov/event/117th-congress/house-event/112790,117th,"House of Representatives",2021-06-16T18:00:00Z,"House Financial Services"
"Flexible Federal Funding: Examining the Community Development Block Grant Program and Its Impact on Addressing Local Challenges",https://www.congress.gov/event/117th-congress/house-event/112789,117th,"House of Representatives",2021-06-16T14:00:00Z,"House Financial Services"
"FLEXIBLE FEDERAL FUNDING: EXAMINING THE COMMUNITY DEVELOPMENT BLOCK GRANT PROGRAM AND ITS IMPACT ON ADDRESSING LOCAL CHALLENGES",https://www.congress.gov/event/117th-congress/house-event/LC66997/text,117th,"House of Representatives",2021-06-16T04:00:00Z,"House Financial Services"
"SCHEMES AND SUBVERSION: HOW BAD ACTORS AND FOREIGN GOVERNMENTS UNDERMINE AND EVADE SANCTIONS REGIMES",https://www.congress.gov/event/117th-congress/house-event/LC67005/text,117th,"House of Representatives",2021-06-16T04:00:00Z,"House Financial Services"
"Task Force on Financial Technology: Digitizing the Dollar: Investigating the Technological Infrastructure, Privacy, and Financial Inclusion Implications of Central Bank Digital Currencies",https://www.congress.gov/event/117th-congress/house-event/112783,117th,"House of Representatives",2021-06-15T14:00:00Z,"House Financial Services"
"Universal Vouchers: Ending Homelessness and Expanding Economic Opportunity in America",https://www.congress.gov/event/117th-congress/house-event/112746,117th,"House of Representatives",2021-06-09T16:00:00Z,"House Financial Services"
"Holding Megabanks Accountable: An Update on Banking Practices, Programs, and Policies",https://www.congress.gov/event/117th-congress/house-event/112718,117th,"House of Representatives",2021-05-27T16:00:00Z,"House Financial Services"
"HOLDING MEGABANKS ACCOUNTABLE: AN UPDATE ON BANKING PRACTICES, PROGRAMS, AND POLICIES",https://www.congress.gov/event/117th-congress/house-event/LC66996/text,117th,"House of Representatives",2021-05-27T04:00:00Z,"House Financial Services"
"Consumer Credit Reporting: Assessing Accuracy and Compliance",https://www.congress.gov/event/117th-congress/house-event/112712,117th,"House of Representatives",2021-05-26T16:00:00Z,"House Financial Services"
"CONSUMER CREDIT REPORTING: ASSESSING ACCURACY AND COMPLIANCE",https://www.congress.gov/event/117th-congress/house-event/LC67439/text,117th,"House of Representatives",2021-05-26T04:00:00Z,"House Financial Services"
"Going Public: SPACs, Direct Listings, Public Offerings, and the Need for Investor Protections",https://www.congress.gov/event/117th-congress/house-event/112698,117th,"House of Representatives",2021-05-24T16:00:00Z,"House Financial Services"
"Oversight of Prudential Regulators: Ensuring the Safety, Soundness, Diversity, and Accountability of Depository Institution",https://www.congress.gov/event/117th-congress/house-event/112665,117th,"House of Representatives",2021-05-19T14:00:00Z,"House Financial Services"
"OVERSIGHT OF PRUDENTIAL REGULATORS: ENSURING THE SAFETY, SOUNDNESS, DIVERSITY, AND ACCOUNTABILITY OF DEPOSITORY INSTITUTIONS",https://www.congress.gov/event/117th-congress/house-event/LC67939/text,117th,"House of Representatives",2021-05-19T04:00:00Z,"House Financial Services"
"Examining Belt and Road: The Lending Practices of the People's 
Republic of China and Impact on the International Debt Architecture",https://www.congress.gov/event/117th-congress/house-event/112661,117th,"House of Representatives",2021-05-18T14:00:00Z,"House Financial Services"
"Various Measures",https://www.congress.gov/event/117th-congress/house-event/112618,117th,"House of Representatives",2021-05-12T14:00:00Z,"House Financial Services"
"Task Force on Artificial Intelligence",https://www.congress.gov/event/117th-congress/house-event/112597,117th,"House of Representatives",2021-05-07T16:00:00Z,"House Financial Services"
"Game Stopped? Who Wins and Loses When Short Sellers, Social Media, and Retail Investors Collide, Part III",https://www.congress.gov/event/117th-congress/house-event/112590,117th,"House of Representatives",2021-05-06T16:00:00Z,"House Financial Services"
"Built to Last: Examining Housing Resilience in the Face of Climate Change",https://www.congress.gov/event/117th-congress/house-event/112576,117th,"House of Representatives",2021-05-04T16:00:00Z,"House Financial Services"
"Closing the Racial and Gender Wealth Gap Through Compensation Equity",https://www.congress.gov/event/117th-congress/house-event/112542,117th,"House of Representatives",2021-04-29T16:00:00Z,"House Financial Services"
"CLOSING THE RACIAL AND GENDER WEALTH GAP THROUGH COMPENSATION EQUITY",https://www.congress.gov/event/117th-congress/house-event/LC66778/text,117th,"House of Representatives",2021-04-29T04:00:00Z,"House Financial Services"
"Examining the Role of Municipal Bond Markets in Advancing – and Undermining – Economic, Racial and Social Justice",https://www.congress.gov/event/117th-congress/house-event/112526,117th,"House of Representatives",2021-04-28T16:00:00Z,"House Financial Services"
"Examining the Role of Municipal Bond Markets in Advancing – and Undermining – Economic, Racial and Social Justice",https://www.congress.gov/event/117th-congress/house-event/112527,117th,"House of Representatives",2021-04-28T16:00:00Z,"House Financial Services"
"EXAMINING THE ROLE OF MUNICIPAL BOND MARKETS IN ADVANCING--AND UNDERMINING--ECONOMIC, RACIAL,. AND SOCIAL JUSTICE",https://www.congress.gov/event/117th-congress/house-event/LC66789/text,117th,"House of Representatives",2021-04-28T04:00:00Z,"House Financial Services"
"Member Day Hearing",https://www.congress.gov/event/117th-congress/house-event/112507,117th,"House of Representatives",2021-04-27T16:00:00Z,"House Financial Services"
"MEMBER DAY HEARING",https://www.congress.gov/event/117th-congress/house-event/LC66637/text,117th,"House of Representatives",2021-04-27T04:00:00Z,"House Financial Services"
"Markup of Various Measures",https://www.congress.gov/event/117th-congress/house-event/112484,117th,"House of Representatives",2021-04-20T14:00:00Z,"House Financial Services"
"The End of LIBOR: Transitioning to an Alternative Interest Rate Calculation for Mortgages, Student Loans, Business Borrowing, and Other Financial Products",https://www.congress.gov/event/117th-congress/house-event/111448,117th,"House of Representatives",2021-04-15T18:00:00Z,"House Financial Services"
"Banking Innovation or Regulatory Evasion? Exploring Trends in Financial Institution Charters",https://www.congress.gov/event/117th-congress/house-event/111447,117th,"House of Representatives",2021-04-15T14:00:00Z,"House Financial Services"
"Build Back Better: Investing in Equitable and Affordable Housing Infrastructure",https://www.congress.gov/event/117th-congress/house-event/111446,117th,"House of Representatives",2021-04-14T14:00:00Z,"House Financial Services"
"BUILD BACK BETTER: INVESTING IN EQUITABLE AND AFFORDABLE HOUSING INFRASTRUCTURE",https://www.congress.gov/event/117th-congress/house-event/LC66645/text,117th,"House of Representatives",2021-04-14T04:00:00Z,"House Financial Services"
"Ending Exploitation: How the Financial System Can Work to Dismantle the Business of Human Trafficking",https://www.congress.gov/event/117th-congress/house-event/111399,117th,"House of Representatives",2021-03-25T16:00:00Z,"House Financial Services"
"Preserving a Lifeline: Examining Public Housing in a Pandemic",https://www.congress.gov/event/117th-congress/house-event/111398,117th,"House of Representatives",2021-03-24T16:00:00Z,"House Financial Services"
"PRESERVING A LIFELINE: EXAMINING PUBLIC HOUSING IN A PANDEMIC",https://www.congress.gov/event/117th-congress/house-event/LC66633/text,117th,"House of Representatives",2021-03-24T04:00:00Z,"House Financial Services"
"Oversight of the Treasury Department’s and Federal Reserve’s Pandemic Response",https://www.congress.gov/event/117th-congress/house-event/111397,117th,"House of Representatives",2021-03-23T16:00:00Z,"House Financial Services"
"OVERSIGHT OF THE TREASURY DEPARTMENT'S AND FEDERAL RESERVE'S PANDEMIC RESPONSE",https://www.congress.gov/event/117th-congress/house-event/LC67037/text,117th,"House of Representatives",2021-03-23T04:00:00Z,"House Financial Services"
"By the Numbers: How Diversity Data Can Measure Commitment to Diversity, Equity and Inclusion",https://www.congress.gov/event/117th-congress/house-event/111356,117th,"House of Representatives",2021-03-18T14:00:00Z,"House Financial Services"
"Game Stopped? Who Wins and Loses When Short Sellers, Social Media, and Retail Investors Collide, Part II",https://www.congress.gov/event/117th-congress/house-event/111355,117th,"House of Representatives",2021-03-17T14:00:00Z,"House Financial Services"
"GAME STOPPED? WHO WINS AND LOSES WHEN SHORT SELLERS, SOCIAL MEDIA, AND RETAIL INVESTORS COLLIDE, PART II",https://www.congress.gov/event/117th-congress/house-event/LC66883/text,117th,"House of Representatives",2021-03-17T04:00:00Z,"House Financial Services"
"Slipping Through the Cracks: Policy Options to Help America’s Consumer During the Pandemic",https://www.congress.gov/event/117th-congress/house-event/111302,117th,"House of Representatives",2021-03-11T15:00:00Z,"House Financial Services"
"SLIPPING THROUGH THE CRACKS: POLICY OPTIONS TO HELP AMERICA'S CONSUMERS DURING THE PANDEMIC",https://www.congress.gov/event/117th-congress/house-event/LC66071/text,117th,"House of Representatives",2021-03-11T05:00:00Z,"House Financial Services"
"Justice for All: Achieving Racial Equity Through Fair Access to Housing and Financial Services",https://www.congress.gov/event/117th-congress/house-event/111293,117th,"House of Representatives",2021-03-10T15:00:00Z,"House Financial Services"
"JUSTICE FOR ALL: ACHIEVING RACIAL EQUITY THROUGH FAIR ACCESS TO HOUSING AND FINANCIAL SERVICES",https://www.congress.gov/event/117th-congress/house-event/LC66643/text,117th,"House of Representatives",2021-03-10T05:00:00Z,"House Financial Services"
"The Challenge of Our Time: Climate Change, the Capital Markets, and Sustainable Investment",https://www.congress.gov/event/117th-congress/house-event/111245,117th,"House of Representatives",2021-02-25T19:00:00Z,"House Financial Services"
"Dollars against Democracy: Domestic Terrorist Financing in the Aftermath of Insurrection",https://www.congress.gov/event/117th-congress/house-event/111244,117th,"House of Representatives",2021-02-25T15:00:00Z,"House Financial Services"
"CLIMATE CHANGE AND SOCIAL RESPONSIBILITY: HELPING CORPORATE BOARDS AND INVESTORS MAKE DECISIONS FOR A SUSTAINABLE WORLD",https://www.congress.gov/event/117th-congress/house-event/LC66056/text,117th,"House of Representatives",2021-02-25T05:00:00Z,"House Financial Services"
"DOLLARS AGAINST DEMOCRACY: DOMESTIC TERRORIST FINANCING IN THE AFTERMATH OF INSURRECTION",https://www.congress.gov/event/117th-congress/house-event/LC66044/text,117th,"House of Representatives",2021-02-25T05:00:00Z,"House Financial Services"
"How Invidious Discrimination Works and Hurts: An Examination of Lending Discrimination and Its Long-term Economic Impacts on Borrowers of Color",https://www.congress.gov/event/117th-congress/house-event/111236,117th,"House of Representatives",2021-02-24T20:00:00Z,"House Financial Services"
"Monetary Policy and the State of the Economy",https://www.congress.gov/event/117th-congress/house-event/111208,117th,"House of Representatives",2021-02-24T15:00:00Z,"House Financial Services"
"HOW INVIDIOUS DISCRIMINATION WORKS AND HURTS: AN EXAMINATION OF LENDING DISCRIMINATION AND ITS LONG-TERM ECONOMIC IMPACTS ON BORROWERS OF COLOR",https://www.congress.gov/event/117th-congress/house-event/LC67436/text,117th,"House of Representatives",2021-02-24T05:00:00Z,"House Financial Services"
"MONETARY POLICY AND THE STATE OF THE ECONOMY",https://www.congress.gov/event/117th-congress/house-event/LC66872/text,117th,"House of Representatives",2021-02-24T05:00:00Z,"House Financial Services"
"Game Stopped? Who Wins and Loses When Short Sellers, Social Media, and Retail Investors Collide",https://www.congress.gov/event/117th-congress/house-event/111207,117th,"House of Representatives",2021-02-18T17:00:00Z,"House Financial Services"
"GAME STOPPED? WHO WINS AND LOSES WHEN SHORT SELLERS, SOCIAL MEDIA, AND RETAIL INVESTORS COLLIDE",https://www.congress.gov/event/117th-congress/house-event/LC67944/text,117th,"House of Representatives",2021-02-18T05:00:00Z,"House Financial Services"
"Mark up for reconciliation pursuant to S. Con. Res. 5, the
Concurrent Resolution on the Budget for Fiscal Year 2021",https://www.congress.gov/event/117th-congress/house-event/111179,117th,"House of Representatives",2021-02-10T17:00:00Z,"House Financial Services"
"Supporting Small and Minority-Owned Businesses Through the Pandemic",https://www.congress.gov/event/117th-congress/house-event/111151,117th,"House of Representatives",2021-02-04T20:00:00Z,"House Financial Services"
"More than a Shot in the Arm: The Need for Additional COVID-19 Stimulus",https://www.congress.gov/event/117th-congress/house-event/111142,117th,"House of Representatives",2021-02-04T15:00:00Z,"House Financial Services"
"MORE THAN A SHOT IN THE ARM: THE NEED FOR ADDITIONAL COVID-19 STIMULUS",https://www.congress.gov/event/117th-congress/house-event/LC65985/text,117th,"House of Representatives",2021-02-04T05:00:00Z,"House Financial Services"
"SUPPORTING SMALL AND MINORITY-OWNED BUSINESSES THROUGH THE PANDEMIC",https://www.congress.gov/event/117th-congress/house-event/LC65986/text,117th,"House of Representatives",2021-02-04T05:00:00Z,"House Financial Services"
"Organizational Meeting",https://www.congress.gov/event/117th-congress/house-event/111141,117th,"House of Representatives",2021-02-03T16:00:00Z,"House Financial Services"
"Oversight of the Treasury Department’s and Federal Reserve’s Pandemic Response",https://www.congress.gov/event/116th-congress/house-event/111102,116th,"House of Representatives",2020-12-02T15:00:00Z,"House Financial Services"
"OVERSIGHT OF THE TREASURY DEPARTMENT'S AND FEDERAL RESERVE'S PANDEMIC RESPONSE",https://www.congress.gov/event/116th-congress/house-event/LC68141/text,116th,"House of Representatives",2020-12-02T05:00:00Z,"House Financial Services"
"Insuring against a Pandemic: Challenges and Solutions for Policyholders and Insurers",https://www.congress.gov/event/116th-congress/house-event/111094,116th,"House of Representatives",2020-11-19T15:00:00Z,"House Financial Services"
"Oversight of Prudential Regulators: Ensuring the Safety, Soundness, Diversity, and Accountability of Depository Institutions during the Pandemic",https://www.congress.gov/event/116th-congress/house-event/111090,116th,"House of Representatives",2020-11-12T17:00:00Z,"House Financial Services"
"OVERSIGHT OF FINANCIAL REGULATORS: ENSURING THE SAFETY, SOUNDNESS DIVERSITY, AND ACCOUNTABILITY OF DEPOSITORY INSTITUTIONS DURING THE PANDEMIC",https://www.congress.gov/event/116th-congress/house-event/LC66051/text,116th,"House of Representatives",2020-11-12T05:00:00Z,"House Financial Services"
"Task Force on Financial Technology:License to Bank: Examining the Legal Framework Governing Who Can Lend and Process Payments in the Fintech Age",https://www.congress.gov/event/116th-congress/house-event/111057,116th,"House of Representatives",2020-09-29T16:00:00Z,"House Financial Services"
"LICENSE TO BANK: EXAMINING THE LEGAL FRAMEWORK GOVERNING WHO CAN LEND AND PROCESS PAYMENTS IN THE FINTECH AGE",https://www.congress.gov/event/116th-congress/house-event/LC65880/text,116th,"House of Representatives",2020-09-29T04:00:00Z,"House Financial Services"
"Oversight of the Treasury Department’s and Federal Reserve’s Pandemic Response",https://www.congress.gov/event/116th-congress/house-event/111021,116th,"House of Representatives",2020-09-22T14:30:00Z,"House Financial Services"
"OVERSIGHT OF THE TREASURY DEPARTMENT'S AND FEDERAL RESERVE'S PANDEMIC RESPONSE",https://www.congress.gov/event/116th-congress/house-event/LC65966/text,116th,"House of Representatives",2020-09-22T04:00:00Z,"House Financial Services"
"Insider Trading and Stock Option Grants: An Examination of Corporate Integrity in the COVID-19 Pandemic",https://www.congress.gov/event/116th-congress/house-event/111013,116th,"House of Representatives",2020-09-17T16:00:00Z,"House Financial Services"
"INSIDER TRADING AND STOCK OPTION GRANTS: AN EXAMINATION OF CORPORATE INTEGRITY IN THE COVID-19 PANDEMIC",https://www.congress.gov/event/116th-congress/house-event/LC65933/text,116th,"House of Representatives",2020-09-17T04:00:00Z,"House Financial Services"
"Prioritizing Fannie’s and Freddie’s Capital over America’s Homeowners and Renters? A Review of the Federal Housing Finance Agency’s Response to the COVID-19 Pandemic",https://www.congress.gov/event/116th-congress/house-event/111005,116th,"House of Representatives",2020-09-16T16:00:00Z,"House Financial Services"
"The Need for Financial Aid to America’s States and Territories During the Pandemic: Supporting First Responders, Assisting Schools in Their Efforts to Safely Educate, and Preventing Mass Layoffs",https://www.congress.gov/event/116th-congress/house-event/110984,116th,"House of Representatives",2020-09-10T16:00:00Z,"House Financial Services"
"THE NEED FOR FINANCIAL AID TO AMERICA'S STATES AND TERRITORIES DURING THE PANDEMIC: SUPPORTING FIRST RESPONDERS, ASSISTING SCHOOLS IN THEIR EFFORTS TO SAFELY EDUCATE, AND PREVENTING MASS LAYOFFS",https://www.congress.gov/event/116th-congress/house-event/LC65916/text,116th,"House of Representatives",2020-09-10T04:00:00Z,"House Financial Services"
"Holding Financial Regulators Accountable for Diversity and Inclusion: Perspectives from the Offices of Minority and Women Inclusion",https://www.congress.gov/event/116th-congress/house-event/110976,116th,"House of Representatives",2020-09-08T16:00:00Z,"House Financial Services"
"HOLDING FINANCIAL REGULATORS ACCOUNTABLE FOR DIVERSITY AND INCLUSION: PERSPECTIVES FROM THE OFFICES OF MINORITY AND WOMEN INCLUSION",https://www.congress.gov/event/116th-congress/house-event/LC68091/text,116th,"House of Representatives",2020-09-08T04:00:00Z,"House Financial Services"
"Protecting Consumers During the Pandemic? An Examination of the Consumer Financial Protection Bureau",https://www.congress.gov/event/116th-congress/house-event/110955,116th,"House of Representatives",2020-07-30T16:30:00Z,"House Financial Services"
"PROTECTING CONSUMERS DURING THE PANDEMIC? AN EXAMINATION OF THE CONSUMER FINANCIAL PROTECTION BUREAU",https://www.congress.gov/event/116th-congress/house-event/LC65884/text,116th,"House of Representatives",2020-07-30T04:00:00Z,"House Financial Services"
"The Heroes Act: Providing for a Strong Economic Recovery from COVID-19",https://www.congress.gov/event/116th-congress/house-event/110925,116th,"House of Representatives",2020-07-23T14:30:00Z,"House Financial Services"
"Protecting Homeowners During the Pandemic: Oversight of Mortgage Servicers’ Implementation of the CARES Act",https://www.congress.gov/event/116th-congress/house-event/110899,116th,"House of Representatives",2020-07-16T16:00:00Z,"House Financial Services"
"PROTECTING HOMEOWNERS DURING THE PANDEMIC: OVERSIGHT OF MORTGAGE SERVICERS' IMPLEMENTATION OF THE CARES ACT",https://www.congress.gov/event/116th-congress/house-event/LC65875/text,116th,"House of Representatives",2020-07-16T04:00:00Z,"House Financial Services"
"Promoting Economic Recovery: Examining Capital Markets and Worker Protections in the COVID-19 Era",https://www.congress.gov/event/116th-congress/house-event/110888,116th,"House of Representatives",2020-07-14T16:00:00Z,"House Financial Services"
"PROMOTING ECONOMIC RECOVERY: EXAMINING CAPITAL MARKETS AND WORKER PROTECTIONS IN THE COVID-19 ERA",https://www.congress.gov/event/116th-congress/house-event/LC65906/text,116th,"House of Representatives",2020-07-14T04:00:00Z,"House Financial Services"
"Access Denied: Challenges for Women- and Minority-Owned Businesses Accessing Capital and Financial Services During the Pandemic",https://www.congress.gov/event/116th-congress/house-event/110872,116th,"House of Representatives",2020-07-09T16:00:00Z,"House Financial Services"
"ACCESS DENIED: CHALLENGES FOR WOMEN- AND MINORITY-OWNED BUSINESSES ACCESSING CAPITAL AND FINANCIAL SERVICES DURING THE PANDEMIC",https://www.congress.gov/event/116th-congress/house-event/LC65888/text,116th,"House of Representatives",2020-07-09T04:00:00Z,"House Financial Services"
"Task Force on Artificial Intelligence: Exposure Notification and Contact Tracing: How AI Helps Localities Reopen Safely and Researchers Find a Cure",https://www.congress.gov/event/116th-congress/house-event/110870,116th,"House of Representatives",2020-07-08T16:00:00Z,"House Financial Services"
"EXPOSURE NOTIFICATION AND CONTACT TRACING: HOW AI HELPS LOCALITIES REOPEN SAFELY AND RESEARCHERS FIND A CURE",https://www.congress.gov/event/116th-congress/house-event/LC65853/text,116th,"House of Representatives",2020-07-08T04:00:00Z,"House Financial Services"
"Paycheck Security: Economic Perspectives on Alternative Approaches to Protecting Workers’ Pay During COVID-19",https://www.congress.gov/event/116th-congress/house-event/110860,116th,"House of Representatives",2020-07-07T16:00:00Z,"House Financial Services"
"PAYCHECK SECURITY: ECONOMIC PERSPECTIVES ON ALTERNATIVE APPROACHES TO PROTECTING WORKERS' PAY DURING COVID-19",https://www.congress.gov/event/116th-congress/house-event/LC65862/text,116th,"House of Representatives",2020-07-07T04:00:00Z,"House Financial Services"
"Oversight of the Treasury Department’s and Federal Reserve’s Pandemic Response",https://www.congress.gov/event/116th-congress/house-event/110839,116th,"House of Representatives",2020-06-30T16:30:00Z,"House Financial Services"
"OVERSIGHT OF THE TREASURY DEPARTMENT'S AND THE FEDERAL RESERVE'S PANDEMIC RESPONSE",https://www.congress.gov/event/116th-congress/house-event/LC65881/text,116th,"House of Representatives",2020-06-30T04:00:00Z,"House Financial Services"
"Capital Markets and Emergency Lending in the COVID-19 Era",https://www.congress.gov/event/116th-congress/house-event/110830,116th,"House of Representatives",2020-06-25T16:00:00Z,"House Financial Services"
"CAPITAL MARKETS AND EMERGENCY LENDING IN THE COVID-19 ERA",https://www.congress.gov/event/116th-congress/house-event/LC65851/text,116th,"House of Representatives",2020-06-25T04:00:00Z,"House Financial Services"
"Monetary Policy and the State of the Economy",https://www.congress.gov/event/116th-congress/house-event/110801,116th,"House of Representatives",2020-06-17T16:00:00Z,"House Financial Services"
"MONETARY POLICY AND THE STATE OF THE ECONOMY",https://www.congress.gov/event/116th-congress/house-event/LC65816/text,116th,"House of Representatives",2020-06-17T04:00:00Z,"House Financial Services"
"Cybercriminals and Fraudsters: How Bad Actors Are Exploiting the Financial System During the COVID-19 Pandemic",https://www.congress.gov/event/116th-congress/house-event/110795,116th,"House of Representatives",2020-06-16T16:00:00Z,"House Financial Services"
"CYBER CRIMINALS AND FRAUDSTERS: HOW BAD ACTORS ARE EXPLOITING THE FINANCIAL SYSTEM DURING THE COVID-19 PANDEMIC",https://www.congress.gov/event/116th-congress/house-event/LC65822/text,116th,"House of Representatives",2020-06-16T04:00:00Z,"House Financial Services"
"Task Force on Financial Technology: Inclusive Banking During a Pandemic: Using FedAccounts and Digital Tools to Improve Delivery of Stimulus Payments",https://www.congress.gov/event/116th-congress/house-event/110778,116th,"House of Representatives",2020-06-11T16:00:00Z,"House Financial Services"
"INCLUSIVE BANKING DURING A PANDEMIC: USING FEDACCOUNTS AND DIGITAL TOOLS TO IMPROVE DELIVERY OF STIMULUS PAYMENTS",https://www.congress.gov/event/116th-congress/house-event/LC65807/text,116th,"House of Representatives",2020-06-11T04:00:00Z,"House Financial Services"
"The Rent Is Still Due: America's Renters, COVID-19 and an Unprecedented Eviction Crisis",https://www.congress.gov/event/116th-congress/house-event/110774,116th,"House of Representatives",2020-06-10T16:00:00Z,"House Financial Services"
"THE RENT IS STILL DUE: AMERICA'S RENTERS, COVID-19, AND AN UNPRECEDENTED EVICTION CRISIS",https://www.congress.gov/event/116th-congress/house-event/LC65806/text,116th,"House of Representatives",2020-06-10T04:00:00Z,"House Financial Services"
"Promoting Inclusive Lending During the Pandemic: Community Development Financial Institutions and Minority Depository Institutions",https://www.congress.gov/event/116th-congress/house-event/110769,116th,"House of Representatives",2020-06-03T16:00:00Z,"House Financial Services"
"PROMOTING INCLUSIVE LENDING DURING THE PANDEMIC: COMMUNITY DEVELOPMENT FINANCIAL INSTITUTIONS AND MINORITY DEPOSITORY INSTITUTIONS",https://www.congress.gov/event/116th-congress/house-event/LC65813/text,116th,"House of Representatives",2020-06-03T04:00:00Z,"House Financial Services"
"Holding Wells Fargo Accountable: Examining the Role of the Board of Directors in the Bank’s Egregious Pattern of Consumer Abuses",https://www.congress.gov/event/116th-congress/house-event/110719,116th,"House of Representatives",2020-03-11T14:00:00Z,"House Financial Services"
"HOLDING WELLS FARGO ACCOUNTABLE: EXAMINING THE ROLE OF THE BOARD OF DIRECTORS IN THE BANK'S EGREGIOUS PATTERN OF CONSUMER ABUSES",https://www.congress.gov/event/116th-congress/house-event/LC65792/text,116th,"House of Representatives",2020-03-11T04:00:00Z,"House Financial Services"
"Holding Wells Fargo Accountable: CEO Perspectives on Next Steps for the Bank that Broke America’s Trust.",https://www.congress.gov/event/116th-congress/house-event/110665,116th,"House of Representatives",2020-03-10T14:00:00Z,"House Financial Services"
"HOLDING WELLS FARGO ACCOUNTABLE: CEO PERSPECTIVES ON NEXT STEPS FOR THE BANK THAT BROKE AMERICA'S TRUST",https://www.congress.gov/event/116th-congress/house-event/LC65794/text,116th,"House of Representatives",2020-03-10T04:00:00Z,"House Financial Services"
"Field Hearing: Modern-Day Redlining: the Burden on Underbanked and Excluded Communities in New York",https://www.congress.gov/event/116th-congress/house-event/110580,116th,"House of Representatives",2020-03-06T15:00:00Z,"House Financial Services"
"Drivers of Discrimination: An Examination of Unfair Premiums, Practices, and Policies in the Auto Insurance Industry",https://www.congress.gov/event/116th-congress/house-event/110631,116th,"House of Representatives",2020-03-04T19:00:00Z,"House Financial Services"
"The Traffickers’ Roadmap: How Bad Actors Exploit Financial Systems to Facilitate the Illicit Trade in People, Animals, Drugs, and Weapons",https://www.congress.gov/event/116th-congress/house-event/110628,116th,"House of Representatives",2020-03-04T15:00:00Z,"House Financial Services"
"DRIVERS OF DISCRIMINATION: AN EXAMINATION OF UNFAIR PREMIUMS, PRACTICES, AND POLICIES IN THE AUTO INSURANCE INDUSTRY",https://www.congress.gov/event/116th-congress/house-event/LC65846/text,116th,"House of Representatives",2020-03-04T05:00:00Z,"House Financial Services"
"THE TRAFFICKERS' ROADMAP: HOW BAD. ACTORS EXPLOIT FINANCIAL SYSTEMS. TO FACILITATE THE ILLICIT TRADE IN. PEOPLE, ANIMALS, DRUGS, AND WEAPONS",https://www.congress.gov/event/116th-congress/house-event/LC65805/text,116th,"House of Representatives",2020-03-04T05:00:00Z,"House Financial Services"
"Various Measures",https://www.congress.gov/event/116th-congress/house-event/110598,116th,"House of Representatives",2020-02-27T14:30:00Z,"House Financial Services"
"Task Force on Artificial Intelligence: Equitable Algorithms: Examining Ways to Reduce AI Bias in Financial Services",https://www.congress.gov/event/116th-congress/house-event/110499,116th,"House of Representatives",2020-02-12T19:00:00Z,"House Financial Services"
"A Review of Diversity and Inclusion at America’s Large Banks",https://www.congress.gov/event/116th-congress/house-event/110498,116th,"House of Representatives",2020-02-12T15:00:00Z,"House Financial Services"
"A REVIEW OF DIVERSITY AND INCLUSION AT AMERICA'S LARGE BANKS",https://www.congress.gov/event/116th-congress/house-event/LC65802/text,116th,"House of Representatives",2020-02-12T05:00:00Z,"House Financial Services"
"EQUITABLE ALGORITHMS: EXAMINING WAYS TO. REDUCE AI BIAS IN FINANCIAL SERVICES",https://www.congress.gov/event/116th-congress/house-event/LC65804/text,116th,"House of Representatives",2020-02-12T05:00:00Z,"House Financial Services"
"Monetary Policy and the State of the Economy",https://www.congress.gov/event/116th-congress/house-event/110485,116th,"House of Representatives",2020-02-11T15:00:00Z,"House Financial Services"
"MONETARY POLICY AND THE STATE OF THE ECONOMY",https://www.congress.gov/event/116th-congress/house-event/LC65778/text,116th,"House of Representatives",2020-02-11T05:00:00Z,"House Financial Services"
"Fake It Till They Make It: How Bad Actors Use Astroturfing to Manipulate Regulators, Disenfranchise Consumers and Subvert the Rulemaking Process",https://www.congress.gov/event/116th-congress/house-event/110461,116th,"House of Representatives",2020-02-06T19:00:00Z,"House Financial Services"
"Protecting Consumers or Allowing Consumer Abuse? A Semi-Annual Review of the Consumer Financial Protection Bureau.",https://www.congress.gov/event/116th-congress/house-event/110457,116th,"House of Representatives",2020-02-06T15:00:00Z,"House Financial Services"
"FAKE IT TILL THEY MAKE IT: HOW BAD ACTORS USE ASTROTURFING TO MANIPULATE REGULATORS, DISENFRANCHISE CONSUMERS, AND SUBVERT THE RULEMAKING PROCESS",https://www.congress.gov/event/116th-congress/house-event/LC65757/text,116th,"House of Representatives",2020-02-06T05:00:00Z,"House Financial Services"
"PROTECTING CONSUMERS OR ALLOWING CONSUMER ABUSE? A SEMI-ANNUAL REVIEW OF THE CONSUMER FINANCIAL PROTECTION BUREAU",https://www.congress.gov/event/116th-congress/house-event/LC65758/text,116th,"House of Representatives",2020-02-06T05:00:00Z,"House Financial Services"
"A Future Without Public Housing? Examining the Trump Administration’s Efforts to Eliminate Public Housing",https://www.congress.gov/event/116th-congress/house-event/110446,116th,"House of Representatives",2020-02-05T19:00:00Z,"House Financial Services"
"Rent-A-Bank Schemes and New Debt Traps: Assessing Efforts to Evade State Consumer Protections and Interest Rate Caps.",https://www.congress.gov/event/116th-congress/house-event/110441,116th,"House of Representatives",2020-02-05T15:00:00Z,"House Financial Services"
"A FUTURE WITHOUT PUBLIC HOUSING? EXAMINING THE TRUMP ADMINISTRATION'S EFFORTS TO ELIMINATE PUBLIC HOUSING",https://www.congress.gov/event/116th-congress/house-event/LC65756/text,116th,"House of Representatives",2020-02-05T05:00:00Z,"House Financial Services"
"RENT-A-BANK SCHEMES AND NEW DEBT TRAPS: ASSESSING EFFORTS TO EVADE STATE CONSUMER PROTECTIONS AND INTEREST RATE CAPS",https://www.congress.gov/event/116th-congress/house-event/LC65755/text,116th,"House of Representatives",2020-02-05T05:00:00Z,"House Financial Services"
"Task Force on Financial Technology:Is Cash Still King? Reviewing the Rise of Mobile Payments",https://www.congress.gov/event/116th-congress/house-event/110420,116th,"House of Representatives",2020-01-30T14:30:00Z,"House Financial Services"
"IS CASH STILL KING? REVIEWING THE RISE OF MOBILE PAYMENTS",https://www.congress.gov/event/116th-congress/house-event/LC65777/text,116th,"House of Representatives",2020-01-30T05:00:00Z,"House Financial Services"
"Examining the Availability of Insurance for Nonprofits.",https://www.congress.gov/event/116th-congress/house-event/110415,116th,"House of Representatives",2020-01-29T19:00:00Z,"House Financial Services"
"The Community Reinvestment Act: Is the OCC Undermining the Law’s Purpose and Intent?",https://www.congress.gov/event/116th-congress/house-event/110411,116th,"House of Representatives",2020-01-29T15:00:00Z,"House Financial Services"
"EXAMINING THE AVAILABILITY OF INSURANCE FOR NONPROFITS",https://www.congress.gov/event/116th-congress/house-event/LC65738/text,116th,"House of Representatives",2020-01-29T05:00:00Z,"House Financial Services"
"THE COMMUNITY REINVESTMENT ACT: IS THE OCC UNDERMINING THE LAW'S PURPOSE AND INTENT?",https://www.congress.gov/event/116th-congress/house-event/LC65750/text,116th,"House of Representatives",2020-01-29T05:00:00Z,"House Financial Services"
"Overseeing the Standard Setters: An Examination of the Financial Accounting Standards Board and the Public Company Accounting Oversight Board",https://www.congress.gov/event/116th-congress/house-event/110375,116th,"House of Representatives",2020-01-15T19:00:00Z,"House Financial Services"
"A Persistent and Evolving Threat: An Examination of the Financing of Domestic Terrorism and Extremism",https://www.congress.gov/event/116th-congress/house-event/110369,116th,"House of Representatives",2020-01-15T15:00:00Z,"House Financial Services"
"A PERSISTENT AND EVOLVING THREAT: AN EXAMINATION OF THE FINANCING OF DOMESTIC TERRORISM AND EXTREMISM",https://www.congress.gov/event/116th-congress/house-event/LC65740/text,116th,"House of Representatives",2020-01-15T05:00:00Z,"House Financial Services"
"OVERSEEING THE STANDARD SETTERS: AN EXAMINATION OF THE FINANCIAL ACCOUNTING STANDARDS BOARD AND THE PUBLIC COMPANY ACCOUNTING OVERSIGHT BOARD",https://www.congress.gov/event/116th-congress/house-event/LC65741/text,116th,"House of Representatives",2020-01-15T05:00:00Z,"House Financial Services"
"The Community Reinvestment Act: Reviewing Who Wins and Who Loses with Comptroller Otting’s Proposal",https://www.congress.gov/event/116th-congress/house-event/110363,116th,"House of Representatives",2020-01-14T19:00:00Z,"House Financial Services"
"On the Brink of Homelessness: How the Affordable Housing Crisis and the Gentrification of America Is Leaving Families Vulnerable",https://www.congress.gov/event/116th-congress/house-event/110362,116th,"House of Representatives",2020-01-14T15:00:00Z,"House Financial Services"
"ON THE BRINK OF HOMELESSNESS: HOW THE AFFORDABLE HOUSING CRISIS AND THE GENTRIFICATION OF AMERICA IS LEAVING FAMILIES VULNERABLE",https://www.congress.gov/event/116th-congress/house-event/LC65745/text,116th,"House of Representatives",2020-01-14T05:00:00Z,"House Financial Services"
"THE COMMUNITY REINVESTMENT ACT: REVIEWING WHO WINS AND WHO LOSES WITH COMPTROLLER OTTING'S PROPOSAL",https://www.congress.gov/event/116th-congress/house-event/LC65747/text,116th,"House of Representatives",2020-01-14T05:00:00Z,"House Financial Services"
"Various Measures",https://www.congress.gov/event/116th-congress/house-event/110323,116th,"House of Representatives",2019-12-10T15:00:00Z,"House Financial Services"
"Task Force on Artificial Intelligence: Robots on Wall Street: The Impact of AI on Capital Markets and Jobs in the Financial Services Industry",https://www.congress.gov/event/116th-congress/house-event/110292,116th,"House of Representatives",2019-12-06T14:30:00Z,"House Financial Services"
"ROBOTS ON WALL STREET: THE IMPACT OF AI ON CAPITAL MARKETS AND JOBS IN THE FINANCIAL SERVICES INDUSTRY",https://www.congress.gov/event/116th-congress/house-event/LC65713/text,116th,"House of Representatives",2019-12-06T05:00:00Z,"House Financial Services"
"An Examination of the Federal Housing Administration and Its Impact on Homeownership in America",https://www.congress.gov/event/116th-congress/house-event/110288,116th,"House of Representatives",2019-12-05T19:00:00Z,"House Financial Services"
"Promoting Financial Stability? Reviewing the Administration’s Deregulatory Approach to Financial Stability",https://www.congress.gov/event/116th-congress/house-event/110287,116th,"House of Representatives",2019-12-05T15:00:00Z,"House Financial Services"
"AN EXAMINATION OF THE FEDERAL HOUSING ADMINISTRATION AND ITS IMPACT ON HOMEOWNERSHIP IN AMERICA",https://www.congress.gov/event/116th-congress/house-event/LC65708/text,116th,"House of Representatives",2019-12-05T05:00:00Z,"House Financial Services"
"PROMOTING FINANCIAL STABILITY? REVIEWING THE ADMINISTRATION'S DEREGULATORY APPROACH TO FINANCIAL STABILITY",https://www.congress.gov/event/116th-congress/house-event/LC65712/text,116th,"House of Representatives",2019-12-05T05:00:00Z,"House Financial Services"
"Oversight of Prudential Regulators: Ensuring the Safety, Soundness, Diversity, and Accountability of Depository Institutions?",https://www.congress.gov/event/116th-congress/house-event/110286,116th,"House of Representatives",2019-12-04T15:00:00Z,"House Financial Services"
"OVERSIGHT OF PRUDENTIAL REGULATORS: ENSURING THE SAFETY, SOUNDNESS, DIVERSITY, AND ACCOUNTABILITY OF DEPOSITORY INSTITUTIONS",https://www.congress.gov/event/116th-congress/house-event/LC65714/text,116th,"House of Representatives",2019-12-04T05:00:00Z,"House Financial Services"
"Task Force on Financial Technology: Banking on Your Data: the Role of Big Data in Financial Services",https://www.congress.gov/event/116th-congress/house-event/110251,116th,"House of Representatives",2019-11-21T14:30:00Z,"House Financial Services"
"BANKING ON YOUR DATA: THE ROLE OF BIG DATA IN FINANCIAL SERVICES",https://www.congress.gov/event/116th-congress/house-event/LC65685/text,116th,"House of Representatives",2019-11-21T05:00:00Z,"House Financial Services"
"Safe and Decent? Examining the Current State of Residents’ Health and Safety in HUD Housing",https://www.congress.gov/event/116th-congress/house-event/110250,116th,"House of Representatives",2019-11-20T19:00:00Z,"House Financial Services"
"An Examination of Regulators’ Efforts to Preserve and Promote Minority Depository Institutions",https://www.congress.gov/event/116th-congress/house-event/110249,116th,"House of Representatives",2019-11-20T15:00:00Z,"House Financial Services"
"AN EXAMINATION OF REGULATORS' EFFORTS TO PRESERVE AND PROMOTE MINORITY DEPOSITORY INSTITUTIONS",https://www.congress.gov/event/116th-congress/house-event/LC65678/text,116th,"House of Representatives",2019-11-20T05:00:00Z,"House Financial Services"
"SAFE & DECENT? EXAMINING THE CURRENT STATE OF RESIDENTS' HEALTH AND SAFETY IN HUD HOUSING",https://www.congress.gov/event/116th-congress/house-event/LC65687/text,116th,"House of Representatives",2019-11-20T05:00:00Z,"House Financial Services"
"America for Sale? An Examination of the Practices of Private Funds",https://www.congress.gov/event/116th-congress/house-event/110248,116th,"House of Representatives",2019-11-19T15:00:00Z,"House Financial Services"
"AMERICA FOR SALE? AN EXAMINATION OF THE PRACTICES OF PRIVATE FUNDS",https://www.congress.gov/event/116th-congress/house-event/LC65722/text,116th,"House of Representatives",2019-11-19T05:00:00Z,"House Financial Services"
"Various Measures",https://www.congress.gov/event/116th-congress/house-event/110210,116th,"House of Representatives",2019-11-13T19:00:00Z,"House Financial Services"
"How America Leads Abroad: An Examination of Multilateral Development Institutions",https://www.congress.gov/event/116th-congress/house-event/110198,116th,"House of Representatives",2019-11-13T15:00:00Z,"House Financial Services"
"HOW AMERICA LEADS ABROAD: AN EXAMINATION OF MULTILATERAL DEVELOPMENT INSTITUTIONS",https://www.congress.gov/event/116th-congress/house-event/LC65688/text,116th,"House of Representatives",2019-11-13T05:00:00Z,"House Financial Services"
"Various Measures",https://www.congress.gov/event/116th-congress/house-event/110169,116th,"House of Representatives",2019-10-29T17:00:00Z,"House Financial Services"
"Financial Services and the LGBTQ+ Community: A Review of Discrimination in Lending and Housing",https://www.congress.gov/event/116th-congress/house-event/110163,116th,"House of Representatives",2019-10-29T14:00:00Z,"House Financial Services"
"FINANCIAL SERVICES AND THE LGBTQ+ COMMUNITY: A REVIEW OF DISCRIMINATION IN LENDING AND HOUSING",https://www.congress.gov/event/116th-congress/house-event/LC65690/text,116th,"House of Representatives",2019-10-29T04:00:00Z,"House Financial Services"
"An Examination of Facebook and Its Impact on the Financial Services and Housing Sectors",https://www.congress.gov/event/116th-congress/house-event/110136,116th,"House of Representatives",2019-10-23T14:00:00Z,"House Financial Services"
"AN EXAMINATION OF FACEBOOK AND ITS IMPACT ON THE FINANCIAL SERVICES AND HOUSING SECTORS",https://www.congress.gov/event/116th-congress/house-event/LC65694/text,116th,"House of Representatives",2019-10-23T04:00:00Z,"House Financial Services"
"An Examination of the Decline of Minority Depository Institutions and the Impact on Underserved Communities",https://www.congress.gov/event/116th-congress/house-event/110111,116th,"House of Representatives",2019-10-22T18:00:00Z,"House Financial Services"
"The End of Affordable Housing? A Review of the Trump Administration’s Plans to Change Housing Finance in America",https://www.congress.gov/event/116th-congress/house-event/110118,116th,"House of Representatives",2019-10-22T14:00:00Z,"House Financial Services"
"AN EXAMINATION OF THE DECLINE OF MINORITY DEPOSITORY INSTITUTIONS AND THE IMPACT ON UNDERSERVED COMMUNITIES",https://www.congress.gov/event/116th-congress/house-event/LC65675/text,116th,"House of Representatives",2019-10-22T04:00:00Z,"House Financial Services"
"THE END OF AFFORDABLE HOUSING? A REVIEW OF THE TRUMP ADMINISTRATION'S PLANS TO CHANGE HOUSING FINANCE IN AMERICA",https://www.congress.gov/event/116th-congress/house-event/LC65686/text,116th,"House of Representatives",2019-10-22T04:00:00Z,"House Financial Services"
"Task Force on Artificial Intelligence: AI and the Evolution of Cloud Computing: Evaluating How Financial Data is Stored, Protected, and Maintained by Cloud Providers",https://www.congress.gov/event/116th-congress/house-event/110094,116th,"House of Representatives",2019-10-18T13:30:00Z,"House Financial Services"
"AI AND THE EVOLUTION OF CLOUD COMPUTING: EVALUATING HOW FINANCIAL DATA IS STORED, PROTECTED, AND MAINTAINED BY CLOUD PROVIDERS",https://www.congress.gov/event/116th-congress/house-event/LC65666/text,116th,"House of Representatives",2019-10-18T04:00:00Z,"House Financial Services"
"Promoting Inclusion: Examining the Need for Diversity Practices for America’s Changing Workforce",https://www.congress.gov/event/116th-congress/house-event/110092,116th,"House of Representatives",2019-10-17T18:00:00Z,"House Financial Services"
"Examining Corporate Priorities: The Impact of Stock Buybacks on Workers, Communities, and Investors",https://www.congress.gov/event/116th-congress/house-event/110086,116th,"House of Representatives",2019-10-17T14:00:00Z,"House Financial Services"
"EXAMINING CORPORATE PRIORITIES: THE IMPACT OF STOCK BUYBACKS ON WORKERS, COMMUNITIES, AND INVESTORS",https://www.congress.gov/event/116th-congress/house-event/LC65665/text,116th,"House of Representatives",2019-10-17T04:00:00Z,"House Financial Services"
"PROMOTING INCLUSION: EXAMINING THE NEED FOR DIVERSITY PRACTICES FOR AMERICA'S CHANGING WORKFORCE",https://www.congress.gov/event/116th-congress/house-event/LC65674/text,116th,"House of Representatives",2019-10-17T04:00:00Z,"House Financial Services"
"Protecting America: The Reauthorization of the Terrorism Risk Insurance Program",https://www.congress.gov/event/116th-congress/house-event/110078,116th,"House of Representatives",2019-10-16T18:00:00Z,"House Financial Services"
"Who Is Standing Up for Consumers? A Semi-Annual Review of the Consumer Financial Protection Bureau",https://www.congress.gov/event/116th-congress/house-event/110067,116th,"House of Representatives",2019-10-16T14:00:00Z,"House Financial Services"
"WHO IS STANDING UP FOR CONSUMERS? A SEMI-ANNUAL REVIEW OF THE CONSUMER FINANCIAL PROTECTION BUREAU",https://www.congress.gov/event/116th-congress/house-event/LC65677/text,116th,"House of Representatives",2019-10-16T04:00:00Z,"House Financial Services"
"Task Force on Financial Technology:The Future of Real-Time Payments",https://www.congress.gov/event/116th-congress/house-event/110016,116th,"House of Representatives",2019-09-26T18:00:00Z,"House Financial Services"
"Examining Legislation to Protect Consumers and Small Business Owners from Abusive Debt Collection Practices",https://www.congress.gov/event/116th-congress/house-event/110015,116th,"House of Representatives",2019-09-26T14:00:00Z,"House Financial Services"
"EXAMINING LEGISLATION TO PROTECT CONSUMERS AND SMALL BUSINESS OWNERS FROM ABUSIVE DEBT COLLECTION PRACTICES",https://www.congress.gov/event/116th-congress/house-event/LC65639/text,116th,"House of Representatives",2019-09-26T04:00:00Z,"House Financial Services"
"THE FUTURE OF REAL-TIME PAYMENTS",https://www.congress.gov/event/116th-congress/house-event/LC65644/text,116th,"House of Representatives",2019-09-26T04:00:00Z,"House Financial Services"
"Protecting Seniors: A Review of the FHA’s Home Equity Conversion Mortgage (HECM) Program",https://www.congress.gov/event/116th-congress/house-event/110014,116th,"House of Representatives",2019-09-25T18:00:00Z,"House Financial Services"
"Promoting Financial Stability: Assessing Threats to the U.S. Financial System",https://www.congress.gov/event/116th-congress/house-event/110013,116th,"House of Representatives",2019-09-25T14:00:00Z,"House Financial Services"
"PROMOTING FINANCIAL STABILITY: ASSESSING THREATS TO THE U.S. FINANCIAL SYSTEM",https://www.congress.gov/event/116th-congress/house-event/LC65647/text,116th,"House of Representatives",2019-09-25T04:00:00Z,"House Financial Services"
"PROTECTING SENIORS: A REVIEW OF THE FHA'S HOME EQUITY CONVERSION MORTGAGE (HECM) PROGRAM",https://www.congress.gov/event/116th-congress/house-event/LC65642/text,116th,"House of Representatives",2019-09-25T04:00:00Z,"House Financial Services"
"Examining the Racial and Gender Wealth Gap in America",https://www.congress.gov/event/116th-congress/house-event/110012,116th,"House of Representatives",2019-09-24T18:00:00Z,"House Financial Services"
"Oversight of the Securities and Exchange Commission: Wall Street’s Cop on the Beat",https://www.congress.gov/event/116th-congress/house-event/110011,116th,"House of Representatives",2019-09-24T14:00:00Z,"House Financial Services"
"EXAMINING THE RACIAL AND GENDER WEALTH GAP IN AMERICA",https://www.congress.gov/event/116th-congress/house-event/LC65648/text,116th,"House of Representatives",2019-09-24T04:00:00Z,"House Financial Services"
"Various Measures",https://www.congress.gov/event/116th-congress/house-event/109966,116th,"House of Representatives",2019-09-18T14:00:00Z,"House Financial Services"
"Task Force on Artificial Intelligence: The Future of Identity in Financial Services: Threats, Challenges, and Opportunities",https://www.congress.gov/event/116th-congress/house-event/109912,116th,"House of Representatives",2019-09-12T13:30:00Z,"House Financial Services"
"THE FUTURE OF IDENTITY IN FINANCIAL SERVICES: THREATS, CHALLENGES, AND OPPORTUNITIES",https://www.congress.gov/event/116th-congress/house-event/LC65625/text,116th,"House of Representatives",2019-09-12T04:00:00Z,"House Financial Services"
"Examining the Macroeconomic Impacts of a Changing Climate",https://www.congress.gov/event/116th-congress/house-event/109911,116th,"House of Representatives",2019-09-11T18:00:00Z,"House Financial Services"
"Examining Private Market Exemptions as a Barrier to IPOs and Retail Investment",https://www.congress.gov/event/116th-congress/house-event/109907,116th,"House of Representatives",2019-09-11T14:00:00Z,"House Financial Services"
"EXAMINING THE MACROECONOMIC IMPACTS OF A CHANGING CLIMATE",https://www.congress.gov/event/116th-congress/house-event/LC65643/text,116th,"House of Representatives",2019-09-11T04:00:00Z,"House Financial Services"
"A $1.5 Trillion Crisis: Protecting Student Borrowers and Holding Student Loan Servicers Accountable",https://www.congress.gov/event/116th-congress/house-event/109897,116th,"House of Representatives",2019-09-10T14:00:00Z,"House Financial Services"
"A $1.5 TRILLION CRISIS: PROTECTING STUDENT BORROWERS AND HOLDING STUDENT LOAN SERVICERS ACCOUNTABLE",https://www.congress.gov/event/116th-congress/house-event/LC65627/text,116th,"House of Representatives",2019-09-10T04:00:00Z,"House Financial Services"
"Examining Discrimination and Other Barriers to Consumer Credit, Homeownership, and Financial Inclusion in Texas",https://www.congress.gov/event/116th-congress/house-event/109888,116th,"House of Representatives",2019-09-04T14:00:00Z,"House Financial Services"
"EXAMINING DISCRIMINATION AND OTHER BARRIERS TO CONSUMER CREDIT, HOMEOWNERSHIP, AND FINANCIAL INCLUSION IN TEXAS",https://www.congress.gov/event/116th-congress/house-event/LC65650/text,116th,"House of Representatives",2019-09-04T04:00:00Z,"House Financial Services"
"Examining the Homelessness Crisis in Los Angeles",https://www.congress.gov/event/116th-congress/house-event/109880,116th,"House of Representatives",2019-08-14T14:00:00Z,"House Financial Services"
"EXAMINING THE HOMELESSNESS CRISIS IN LOS ANGELES",https://www.congress.gov/event/116th-congress/house-event/LC65597/text,116th,"House of Representatives",2019-08-14T04:00:00Z,"House Financial Services"
"An Examination of the Housing Crisis in Michigan, 11 Years after the Recession",https://www.congress.gov/event/116th-congress/house-event/109878,116th,"House of Representatives",2019-08-02T16:00:00Z,"House Financial Services"
"AN EXAMINATION OF THE HOUSING CRISIS IN MICHIGAN, 11 YEARS AFTER THE RECESSION",https://www.congress.gov/event/116th-congress/house-event/LC65600/text,116th,"House of Representatives",2019-08-02T04:00:00Z,"House Financial Services"
"Task Force on Financial Technology: Examining the Use of Alternative Data in Underwriting and Credit Scoring to Expand Access to Credit",https://www.congress.gov/event/116th-congress/house-event/109867,116th,"House of Representatives",2019-07-25T14:00:00Z,"House Financial Services"
"EXAMINING THE USE OF ALTERNATIVE DATA IN UNDERWRITING AND CREDIT SCORING TO EXPAND ACCESS TO CREDIT",https://www.congress.gov/event/116th-congress/house-event/LC65599/text,116th,"House of Representatives",2019-07-25T04:00:00Z,"House Financial Services"
"The Next Megabank? Examining the Proposed Merger of SunTrust and BB&T",https://www.congress.gov/event/116th-congress/house-event/109840,116th,"House of Representatives",2019-07-24T14:00:00Z,"House Financial Services"
"THE NEXT MEGABANK? EXAMINING THE PROPOSED MERGER OF SUNTRUST AND BB&T",https://www.congress.gov/event/116th-congress/house-event/LC65598/text,116th,"House of Representatives",2019-07-24T04:00:00Z,"House Financial Services"
"Examining Facebook’s Proposed Cryptocurrency and Its Impact on Consumers, Investors, and the American Financial System",https://www.congress.gov/event/116th-congress/house-event/109821,116th,"House of Representatives",2019-07-17T14:00:00Z,"House Financial Services"
"EXAMINING FACEBOOK'S PROPOSED CRYPTOCURRENCY AND ITS IMPACT ON CONSUMERS, INVESTORS, AND THE AMERICAN FINANCIAL SYSTEM",https://www.congress.gov/event/116th-congress/house-event/LC65595/text,116th,"House of Representatives",2019-07-17T04:00:00Z,"House Financial Services"
"Various Measures",https://www.congress.gov/event/116th-congress/house-event/109814,116th,"House of Representatives",2019-07-16T14:00:00Z,"House Financial Services"
"Various Measures",https://www.congress.gov/event/116th-congress/house-event/109780,116th,"House of Representatives",2019-07-11T14:00:00Z,"House Financial Services"
"Building a Sustainable and Competitive Economy: An Examination of Proposals to Improve Environmental, Social, and Governance Disclosures",https://www.congress.gov/event/116th-congress/house-event/109770,116th,"House of Representatives",2019-07-10T18:00:00Z,"House Financial Services"
"Monetary Policy and the State of the Economy",https://www.congress.gov/event/116th-congress/house-event/109771,116th,"House of Representatives",2019-07-10T14:00:00Z,"House Financial Services"
"BUILDING A SUSTAINABLE AND COMPETITIVE ECONOMY: AN EXAMINATION OF PROPOSALS TO IMPROVE ENVIRONMENTAL, SOCIAL, AND GOVERNANCE DISCLOSURES",https://www.congress.gov/event/116th-congress/house-event/LC65622/text,116th,"House of Representatives",2019-07-10T04:00:00Z,"House Financial Services"
"MONETARY POLICY AND THE STATE OF THE ECONOMY",https://www.congress.gov/event/116th-congress/house-event/LC65596/text,116th,"House of Representatives",2019-07-10T04:00:00Z,"House Financial Services"
"H.R. 3407, the “United States Export Finance Agency Act of 2019” and H.R. 1690, the “Safe Housing for Families Act of 2019”",https://www.congress.gov/event/116th-congress/house-event/109729,116th,"House of Representatives",2019-06-26T16:30:00Z,"House Financial Services"
"Task Force on Artificial Intelligence: Perspectives on Artificial Intelligence: Where We Are and the Next Frontier in Financial Services",https://www.congress.gov/event/116th-congress/house-event/109735,116th,"House of Representatives",2019-06-26T14:00:00Z,"House Financial Services"
"PERSPECTIVES ON ARTIFICIAL INTELLIGENCE: WHERE WE ARE AND THE NEXT FRONTIER IN FINANCIAL SERVICES",https://www.congress.gov/event/116th-congress/house-event/LC64927/text,116th,"House of Representatives",2019-06-26T04:00:00Z,"House Financial Services"
"Task Force on Financial Technology: Overseeing the Fintech Revolution: Domestic and International Perspectives on Fintech Regulation",https://www.congress.gov/event/116th-congress/house-event/109733,116th,"House of Representatives",2019-06-25T18:00:00Z,"House Financial Services"
"Diverse Asset Managers: Challenges, Solutions and Opportunities for Inclusion",https://www.congress.gov/event/116th-congress/house-event/109724,116th,"House of Representatives",2019-06-25T14:00:00Z,"House Financial Services"
"OVERSEEING THE FINTECH REVOLUTION: DOMESTIC AND INTERNATIONAL PERSPECTIVES ON FINTECH REGULATIONS",https://www.congress.gov/event/116th-congress/house-event/LC64928/text,116th,"House of Representatives",2019-06-25T04:00:00Z,"House Financial Services"
"What’s Your Home Worth? A Review of the Appraisal Industry",https://www.congress.gov/event/116th-congress/house-event/109685,116th,"House of Representatives",2019-06-20T18:00:00Z,"House Financial Services"
"Diversity in the Boardroom: Examining Proposals to Increase the Diversity of America’s Boards",https://www.congress.gov/event/116th-congress/house-event/109690,116th,"House of Representatives",2019-06-20T14:00:00Z,"House Financial Services"
"DIVERSITY IN THE BOARDROOM: EXAMINING PROPOSALS TO INCREASE THE DIVERSITY OF AMERICA'S BOARDS",https://www.congress.gov/event/116th-congress/house-event/LC64926/text,116th,"House of Representatives",2019-06-20T04:00:00Z,"House Financial Services"
"WHAT'S YOUR HOME WORTH? A REVIEW OF THE APPRAISAL INDUSTRY",https://www.congress.gov/event/116th-congress/house-event/LC64892/text,116th,"House of Representatives",2019-06-20T04:00:00Z,"House Financial Services"
"Putting Investors First: Examining Proposals to Strengthen Enforcement Against Securities Law Violators",https://www.congress.gov/event/116th-congress/house-event/109677,116th,"House of Representatives",2019-06-19T18:00:00Z,"House Financial Services"
"Promoting Economic Growth: Exploring the Impact of Recent Trade Policies on the U.S. Economy",https://www.congress.gov/event/116th-congress/house-event/109679,116th,"House of Representatives",2019-06-19T14:00:00Z,"House Financial Services"
"PROMOTING ECONOMIC GROWTH: EXPLORING THE IMPACT OF RECENT TRADE POLICIES ON THE U.S. ECONOMY",https://www.congress.gov/event/116th-congress/house-event/LC64929/text,116th,"House of Representatives",2019-06-19T04:00:00Z,"House Financial Services"
"PUTTING INVESTORS FIRST: EXAMINING PROPOSALS TO STRENGTHEN ENFORCEMENT AGAINST SECURITIES LAW VIOLATORS",https://www.congress.gov/event/116th-congress/house-event/LC64866/text,116th,"House of Representatives",2019-06-19T04:00:00Z,"House Financial Services"
"Various Measures",https://www.congress.gov/event/116th-congress/house-event/109637,116th,"House of Representatives",2019-06-11T18:00:00Z,"House Financial Services"
"An Examination of State Efforts to Oversee the $1.5 Trillion Student Loan Servicing Market",https://www.congress.gov/event/116th-congress/house-event/109631,116th,"House of Representatives",2019-06-11T14:00:00Z,"House Financial Services"
"AN EXAMINATION OF STATE EFFORTS TO OVERSEE THE $1.5 TRILLION STUDENT LOAN SERVICING MARKET",https://www.congress.gov/event/116th-congress/house-event/LC64871/text,116th,"House of Representatives",2019-06-11T04:00:00Z,"House Financial Services"
"Emerging Threats to Stability: Considering the Systemic Risk of Leveraged Lending",https://www.congress.gov/event/116th-congress/house-event/109595,116th,"House of Representatives",2019-06-04T18:00:00Z,"House Financial Services"
"Promoting American Jobs: Reauthorization of the U.S. Export-Import Bank",https://www.congress.gov/event/116th-congress/house-event/109596,116th,"House of Representatives",2019-06-04T14:00:00Z,"House Financial Services"
"EMERGING THREATS TO STABILITY: CONSIDERING THE SYSTEMIC RISK OF LEVERAGED LENDING",https://www.congress.gov/event/116th-congress/house-event/LC64870/text,116th,"House of Representatives",2019-06-04T04:00:00Z,"House Financial Services"
"PROMOTING AMERICAN JOBS: REAUTHORIZATION OF THE U.S. EXPORT-IMPORT BANK",https://www.congress.gov/event/116th-congress/house-event/LC65577/text,116th,"House of Representatives",2019-06-04T04:00:00Z,"House Financial Services"
"The Annual Testimony of the Secretary of the Treasury on the State of the International Financial System, Part II",https://www.congress.gov/event/116th-congress/house-event/109557,116th,"House of Representatives",2019-05-22T12:30:00Z,"House Financial Services"
"Housing in America: Oversight of the U.S. Department of Housing and Urban Development",https://www.congress.gov/event/116th-congress/house-event/109530,116th,"House of Representatives",2019-05-21T14:00:00Z,"House Financial Services"
"HOUSING IN AMERICA: OVERSIGHT OF THE U.S. DEPARTMENT OF HOUSING AND URBAN DEVELOPMENT",https://www.congress.gov/event/116th-congress/house-event/LC64717/text,116th,"House of Representatives",2019-05-21T04:00:00Z,"House Financial Services"
"Oversight of Prudential Regulators: Ensuring the Safety, Soundness and Accountability of Megabanks and Other Depository Institutions",https://www.congress.gov/event/116th-congress/house-event/109501,116th,"House of Representatives",2019-05-16T14:00:00Z,"House Financial Services"
"OVERSIGHT OF PRUDENTIAL REGULATORS: ENSURING THE SAFETY, SOUNDNESS, AND ACCOUNTABILITY OF MEGABANKS AND OTHER DEPOSITORY INSTITUTIONS",https://www.congress.gov/event/116th-congress/house-event/LC64867/text,116th,"House of Representatives",2019-05-16T04:00:00Z,"House Financial Services"
"Assessing the Use of Sanctions in Addressing National Security and Foreign Policy Challenges",https://www.congress.gov/event/116th-congress/house-event/109498,116th,"House of Representatives",2019-05-15T18:00:00Z,"House Financial Services"
"Promoting Economic Growth: A Review of Proposals to Strengthen the Rights and Protections for Workers",https://www.congress.gov/event/116th-congress/house-event/109493,116th,"House of Representatives",2019-05-15T14:00:00Z,"House Financial Services"
"ASSESSING THE USE OF SANCTIONS IN ADDRESSING NATIONAL SECURITY AND FOREIGN POLICY CHALLENGES",https://www.congress.gov/event/116th-congress/house-event/LC64809/text,116th,"House of Representatives",2019-05-15T04:00:00Z,"House Financial Services"
"PROMOTING ECONOMIC GROWTH: A REVIEW OF PROPOSALS TO STRENGTHEN THE RIGHTS AND PROTECTIONS OF WORKERS",https://www.congress.gov/event/116th-congress/house-event/LC64704/text,116th,"House of Representatives",2019-05-15T04:00:00Z,"House Financial Services"
"Various Measures",https://www.congress.gov/event/116th-congress/house-event/109449,116th,"House of Representatives",2019-05-08T18:00:00Z,"House Financial Services"
"A Review of the State of and Barriers to Minority Homeownership",https://www.congress.gov/event/116th-congress/house-event/109438,116th,"House of Representatives",2019-05-08T14:00:00Z,"House Financial Services"
"A REVIEW OF THE STATE OF AND BARRIERS TO MINORITY HOMEOWNERSHIP",https://www.congress.gov/event/116th-congress/house-event/LC64700/text,116th,"House of Representatives",2019-05-08T04:00:00Z,"House Financial Services"
"Good for the Bottom Line: A Review of the Business Case for Diversity and Inclusion",https://www.congress.gov/event/116th-congress/house-event/109395,116th,"House of Representatives",2019-05-01T18:00:00Z,"House Financial Services"
"Examining Discrimination in the Automobile Loan and Insurance Industries",https://www.congress.gov/event/116th-congress/house-event/109393,116th,"House of Representatives",2019-05-01T14:00:00Z,"House Financial Services"
"EXAMINING DISCRIMINATION IN THE AUTOMOBILE LOANAND INSURANCE INDUSTRIES",https://www.congress.gov/event/116th-congress/house-event/LC64895/text,116th,"House of Representatives",2019-05-01T04:00:00Z,"House Financial Services"
"GOOD FOR THE BOTTOM LINE: A REVIEW OF THE BUSINESS CASE FOR DIVERSITY AND INCLUSION",https://www.congress.gov/event/116th-congress/house-event/LC64549/text,116th,"House of Representatives",2019-05-01T04:00:00Z,"House Financial Services"
"Ending Debt Traps in the Payday and Small Dollar Credit Industry",https://www.congress.gov/event/116th-congress/house-event/109381,116th,"House of Representatives",2019-04-30T18:00:00Z,"House Financial Services"
"Housing in America: Assessing the Infrastructure Needs of America’s Housing Stock",https://www.congress.gov/event/116th-congress/house-event/109380,116th,"House of Representatives",2019-04-30T14:00:00Z,"House Financial Services"
"ENDING DEBT TRAPS IN THE PAYDAY AND SMALL DOLLAR CREDIT INDUSTRY",https://www.congress.gov/event/116th-congress/house-event/LC64847/text,116th,"House of Representatives",2019-04-30T04:00:00Z,"House Financial Services"
"HOUSING IN AMERICA: ASSESSING THE INFRASTRUCTURE NEEDS OF AMERICA'S HOUSING STOCK",https://www.congress.gov/event/116th-congress/house-event/LC64551/text,116th,"House of Representatives",2019-04-30T04:00:00Z,"House Financial Services"
"Holding Megabanks Accountable: A Review of Global Systemically Important Banks 10 Years After the Financial Crisis",https://www.congress.gov/event/116th-congress/house-event/109312,116th,"House of Representatives",2019-04-10T13:00:00Z,"House Financial Services"
"Holding Megabanks Accountable: a Review of Global Systemically Important Banks 10 years after the Financial Crisis",https://www.congress.gov/event/116th-congress/house-event/109308,116th,"House of Representatives",2019-04-10T13:00:00Z,"House Financial Services"
"HOLDING MEGABANKS ACCOUNTABLE: A REVIEW OF GLOBAL SYSTEMICALLY IMPORTANT BANKS 10 YEARS AFTER THE FINANCIAL CRISIS",https://www.congress.gov/event/116th-congress/house-event/LC64813/text,116th,"House of Representatives",2019-04-10T04:00:00Z,"House Financial Services"
"The Annual Testimony of the Secretary of the Treasury on the State of the International Financial System",https://www.congress.gov/event/116th-congress/house-event/109302,116th,"House of Representatives",2019-04-09T18:00:00Z,"House Financial Services"
"The Community Reinvestment Act: Assessing the Law’s Impact on Discrimination and Redlining",https://www.congress.gov/event/116th-congress/house-event/109303,116th,"House of Representatives",2019-04-09T14:00:00Z,"House Financial Services"
"THE ANNUAL TESTIMONY OF THE SECRETARY OF THE TREASURY ON THE STATE OF THE INTERNATIONAL FINANCIAL SYSTEM, PARTS I AND II",https://www.congress.gov/event/116th-congress/house-event/LC64702/text,116th,"House of Representatives",2019-04-09T04:00:00Z,"House Financial Services"
"THE COMMUNITY REINVESTMENT ACT: ASSESSING THE LAW'S IMPACT ON DISCRIMINATION AND REDLINING",https://www.congress.gov/event/116th-congress/house-event/LC64550/text,116th,"House of Representatives",2019-04-09T04:00:00Z,"House Financial Services"
"Putting Investors First: Reviewing Proposals to Hold Executives Accountable",https://www.congress.gov/event/116th-congress/house-event/109256,116th,"House of Representatives",2019-04-03T18:00:00Z,"House Financial Services"
"Member Day Hearing: Committee on Financial Services",https://www.congress.gov/event/116th-congress/house-event/109254,116th,"House of Representatives",2019-04-03T14:00:00Z,"House Financial Services"
"MEMBER DAY HEARING",https://www.congress.gov/event/116th-congress/house-event/LC64236/text,116th,"House of Representatives",2019-04-03T04:00:00Z,"House Financial Services"
"PUTTING INVESTORS FIRST: REVIEWING PROPOSALS TO HOLD EXECUTIVES ACCOUNTABLE",https://www.congress.gov/event/116th-congress/house-event/LC64237/text,116th,"House of Representatives",2019-04-03T04:00:00Z,"House Financial Services"
"The Affordable Housing Crisis in Rural America: Assessing the Federal Response”",https://www.congress.gov/event/116th-congress/house-event/108900,116th,"House of Representatives",2019-04-02T18:00:00Z,"House Financial Services"
"The Fair Housing Act: Reviewing Efforts to Eliminate Discrimination and Promote Opportunity in Housing",https://www.congress.gov/event/116th-congress/house-event/109231,116th,"House of Representatives",2019-04-02T14:00:00Z,"House Financial Services"
"THE AFFORDABLE HOUSING CRISIS IN RURAL AMERICA: ASSESSING THE. FEDERAL RESPONSE",https://www.congress.gov/event/116th-congress/house-event/LC64234/text,116th,"House of Representatives",2019-04-02T04:00:00Z,"House Financial Services"
"THE FAIR HOUSING ACT: REVIEWING EFFORTS TO ELIMINATE DISCRIMINATION AND PROMOTE OPPORTUNITY IN HOUSING",https://www.congress.gov/event/116th-congress/house-event/LC64239/text,116th,"House of Representatives",2019-04-02T04:00:00Z,"House Financial Services"
"H.R.389, the ""Kleptocracy Asset Recovery Rewards Act"" ; H.R. 1500, the “Consumers First Act” ; H.R. 1595, the “Secure and Fair Enforcement Banking Act of 2019” ; H.R.1815, the “SEC Disclosure Effectiveness Testing Act” ; and H.R. 1856, the “Ending Homelessness Act of 2019”",https://www.congress.gov/event/116th-congress/house-event/109183,116th,"House of Representatives",2019-03-26T18:00:00Z,"House Financial Services"
"The Administration of Disaster Recovery Funds in the Wake of Hurricanes Harvey, Irma, and Maria",https://www.congress.gov/event/116th-congress/house-event/109181,116th,"House of Representatives",2019-03-26T14:00:00Z,"House Financial Services"
"THE ADMINISTRATION OF DISASTER RECOVERY FUNDS IN THE WAKE OF HURRICANES HARVEY, IRMA, AND MARIA",https://www.congress.gov/event/116th-congress/house-event/LC64023/text,116th,"House of Representatives",2019-03-26T04:00:00Z,"House Financial Services"
"Putting Investors First? Examining the SEC’s Best Interest Rule",https://www.congress.gov/event/116th-congress/house-event/109115,116th,"House of Representatives",2019-03-14T13:30:00Z,"House Financial Services"
"PUTTING INVESTORS FIRST? EXAMINING THE SEC'S BEST INTEREST RULE",https://www.congress.gov/event/116th-congress/house-event/LC64131/text,116th,"House of Representatives",2019-03-14T04:00:00Z,"House Financial Services"
"Promoting Corporate Transparency: Examining Legislative Proposals to Detect and Deter Financial Crime",https://www.congress.gov/event/116th-congress/house-event/109110,116th,"House of Representatives",2019-03-13T18:00:00Z,"House Financial Services"
"Preparing for the Storm: Reauthorization of the National Flood Insurance Program",https://www.congress.gov/event/116th-congress/house-event/109090,116th,"House of Representatives",2019-03-13T14:00:00Z,"House Financial Services"
"PREPARING FOR THE STORM: REAUTHORIZATION OF THE NATIONAL FLOOD INSURANCE PROGRAM",https://www.congress.gov/event/116th-congress/house-event/LC64172/text,116th,"House of Representatives",2019-03-13T04:00:00Z,"House Financial Services"
"PROMOTING CORPORATE TRANSPARENCY: EXAMINING LEGISLATIVE PROPOSALS TO DETECT AND DETER FINANCIAL CRIME",https://www.congress.gov/event/116th-congress/house-event/LC64130/text,116th,"House of Representatives",2019-03-13T04:00:00Z,"House Financial Services"
"Holding Megabanks Accountable: An Examination of Wells Fargo's Pattern of Consumer Abuses",https://www.congress.gov/event/116th-congress/house-event/109061,116th,"House of Representatives",2019-03-12T14:00:00Z,"House Financial Services"
"HOLDING MEGABANKS ACCOUNTABLE: AN EXAMINATION OF WELLS FARGO'S PATTERN OF CONSUMER ABUSES",https://www.congress.gov/event/116th-congress/house-event/LC64177/text,116th,"House of Representatives",2019-03-12T04:00:00Z,"House Financial Services"
"Putting Consumers First? A Semi-Annual Review of the Consumer Financial Protection Bureau",https://www.congress.gov/event/116th-congress/house-event/109047,116th,"House of Representatives",2019-03-07T15:00:00Z,"House Financial Services"
"PUTTING CONSUMERS FIRST? A SEMI-ANNUAL REVIEW OF THE CONSUMER FINANCIAL PROTECTION BUREAU",https://www.congress.gov/event/116th-congress/house-event/LC64171/text,116th,"House of Representatives",2019-03-07T05:00:00Z,"House Financial Services"
"Markup of the Views and Estimates of the Committee on Financial Services on Matters to be Set Forth in the Concurrent Resolutions on the Budget for Fiscal Year 2020",https://www.congress.gov/event/116th-congress/house-event/109042,116th,"House of Representatives",2019-03-06T15:00:00Z,"House Financial Services"
"An Overview of Diversity Trends in the Financial Services Industry",https://www.congress.gov/event/116th-congress/house-event/108956,116th,"House of Representatives",2019-02-27T19:00:00Z,"House Financial Services"
"Monetary Policy and the State of the Economy",https://www.congress.gov/event/116th-congress/house-event/108953,116th,"House of Representatives",2019-02-27T15:00:00Z,"House Financial Services"
"AN OVERVIEW OF DIVERSITY TRENDS IN THE FINANCIAL SERVICES INDUSTRY",https://www.congress.gov/event/116th-congress/house-event/LC63990/text,116th,"House of Representatives",2019-02-27T05:00:00Z,"House Financial Services"
"MONETARY POLICY AND THE STATE OF THE ECONOMY",https://www.congress.gov/event/116th-congress/house-event/LC64024/text,116th,"House of Representatives",2019-02-27T05:00:00Z,"House Financial Services"
"Who’s Keeping Score? Holding Credit Bureaus Accountable and Repairing a Broken System",https://www.congress.gov/event/116th-congress/house-event/108945,116th,"House of Representatives",2019-02-26T15:00:00Z,"House Financial Services"
"WHO'S KEEPING SCORE? HOLDING CREDIT BUREAUS ACCOUNTABLE AND REPAIRING A BROKEN SYSTEM",https://www.congress.gov/event/116th-congress/house-event/LC64089/text,116th,"House of Representatives",2019-02-26T05:00:00Z,"House Financial Services"
"Challenges and Solutions: Access to Banking Services for Cannabis-Related Businesses",https://www.congress.gov/event/116th-congress/house-event/108893,116th,"House of Representatives",2019-02-13T19:00:00Z,"House Financial Services"
"Homeless in America: Examining the Crisis and Solutions to End Homelessness",https://www.congress.gov/event/116th-congress/house-event/108894,116th,"House of Representatives",2019-02-13T15:00:00Z,"House Financial Services"
"CHALLENGES AND SOLUTIONS: ACCESS TO BANKING SERVICES FOR CANNABIS-RELATED BUSINESSES",https://www.congress.gov/event/116th-congress/house-event/LC63989/text,116th,"House of Representatives",2019-02-13T05:00:00Z,"House Financial Services"
"HOMELESS IN AMERICA: EXAMINING THE CRISIS AND SOLUTIONS TO END HOMELESSNESS",https://www.congress.gov/event/116th-congress/house-event/LC63987/text,116th,"House of Representatives",2019-02-13T05:00:00Z,"House Financial Services"
"The Use of Sanctions and Economic Statecraft in Addressing U.S. National Security and Foreign Policy Challenges",https://www.congress.gov/event/116th-congress/house-event/108889,116th,"House of Representatives",2019-02-12T15:00:00Z,"House Financial Services"
"Organizational Meeting",https://www.congress.gov/event/116th-congress/house-event/108830,116th,"House of Representatives",2019-01-30T15:00:00Z,"House Financial Services"
